Title,URL,Type,Date,WP_ID
ashok-aggarwal,https://www.mandsconsulting.com/wp-content/uploads/ashok-aggarwal.jpg,jpg,2009-03-27 17:20:58,209
gsa,https://www.mandsconsulting.com/wp-content/uploads/gsa.jpg,jpg,2009-03-27 18:26:05,220
team_locations,https://www.mandsconsulting.com/wp-content/uploads/team_locations.jpg,jpg,2009-03-27 18:58:02,222
yes_we_can,https://www.mandsconsulting.com/wp-content/uploads/yes_we_can.png,png,2009-03-27 21:21:37,240
oracle_partner,https://www.mandsconsulting.com/wp-content/uploads/oracle_ptnr_logo.jpg,jpg,2009-03-29 20:37:08,377
microsoft_partner_logo,https://www.mandsconsulting.com/wp-content/uploads/microsoft_partner_logo.gif,gif,2009-03-29 20:38:46,378
procper-ize,https://www.mandsconsulting.com/wp-content/uploads/procper-ize.png,png,2009-03-31 08:45:52,505
procper-ize-small,https://www.mandsconsulting.com/wp-content/uploads/procper-ize-small.png,png,2009-03-31 09:05:23,510
bpa_team,https://www.mandsconsulting.com/wp-content/uploads/bpa_team.png,png,2009-04-16 08:44:48,676
bpm_soa_team,https://www.mandsconsulting.com/wp-content/uploads/bpm_soa_team.png,png,2009-04-16 08:55:36,679
form_input_history,https://www.mandsconsulting.com/wp-content/uploads/form_input_history.png,png,2009-05-02 18:28:23,786
portal_10142_doctype,https://www.mandsconsulting.com/wp-content/uploads/portal_10142_doctype.png,png,2009-05-06 00:35:39,818
portal_10142_copy1,https://www.mandsconsulting.com/wp-content/uploads/portal_10142_copy1.png,png,2009-05-06 00:42:22,822
portal_10142_copy2,https://www.mandsconsulting.com/wp-content/uploads/portal_10142_copy2.png,png,2009-05-06 00:42:44,823
APEX-ss01,https://www.mandsconsulting.com/wp-content/uploads/dev-tut-01.jpg,jpg,2009-05-15 14:28:58,914
APEX-ss02,https://www.mandsconsulting.com/wp-content/uploads/dev-tut-02.jpg,jpg,2009-05-15 14:50:23,917
APEX-ss03,https://www.mandsconsulting.com/wp-content/uploads/dev-tut-06.jpg,jpg,2009-05-15 14:52:30,918
used_by,https://www.mandsconsulting.com/wp-content/uploads/used_by.png,png,2009-05-16 18:58:38,928
portal_page_cache,https://www.mandsconsulting.com/wp-content/uploads/portal_page_cache.png,png,2009-05-17 20:04:12,934
portal_dynamic_menu,https://www.mandsconsulting.com/wp-content/uploads/portal_dynamic_menu.png,png,2009-05-19 09:21:11,998
workingdir,https://www.mandsconsulting.com/wp-content/uploads/workingdir.jpg,jpg,2009-05-20 10:16:28,1046
sqlpluslogin,https://www.mandsconsulting.com/wp-content/uploads/sqlpluslogin.jpg,jpg,2009-05-20 10:17:35,1047
sqlpluslogin1,https://www.mandsconsulting.com/wp-content/uploads/sqlpluslogin1.jpg,jpg,2009-05-20 10:19:26,1048
pwdchang3-0-1,https://www.mandsconsulting.com/wp-content/uploads/pwdchang3-0-1.jpg,jpg,2009-05-20 10:25:13,1049
pwdchang3-2,https://www.mandsconsulting.com/wp-content/uploads/pwdchang3-2.jpg,jpg,2009-05-20 10:26:17,1051
sqlpluslogin2,https://www.mandsconsulting.com/wp-content/uploads/sqlpluslogin2.jpg,jpg,2009-05-20 10:27:40,1054
pwdchang3-21,https://www.mandsconsulting.com/wp-content/uploads/pwdchang3-21.jpg,jpg,2009-05-20 10:43:56,1063
bpa,https://www.mandsconsulting.com/wp-content/uploads/bpa.png,png,2009-05-21 09:54:26,1080
mands_wiki,https://www.mandsconsulting.com/wp-content/uploads/mands_wiki.png,png,2009-05-28 09:37:27,1183
mands_wiki_2,https://www.mandsconsulting.com/wp-content/uploads/mands_wiki_2.png,png,2009-05-28 09:59:33,1197
webcenter,https://www.mandsconsulting.com/wp-content/uploads/webcenter.png,png,2009-05-29 09:40:56,1220
webcenter_portal2,https://www.mandsconsulting.com/wp-content/uploads/webcenter_portal2.png,png,2009-05-29 10:27:55,1242
image12,https://www.mandsconsulting.com/wp-content/uploads/image12.png,png,2009-06-03 14:34:41,1367
image1,https://www.mandsconsulting.com/wp-content/uploads/image1.png,png,2009-06-03 14:34:44,1368
image2,https://www.mandsconsulting.com/wp-content/uploads/image2.png,png,2009-06-03 14:34:47,1369
image3,https://www.mandsconsulting.com/wp-content/uploads/image3.png,png,2009-06-03 14:34:49,1370
image4,https://www.mandsconsulting.com/wp-content/uploads/image4.png,png,2009-06-03 14:34:51,1371
image5,https://www.mandsconsulting.com/wp-content/uploads/image5.png,png,2009-06-03 14:34:54,1372
image6,https://www.mandsconsulting.com/wp-content/uploads/image6.png,png,2009-06-03 14:34:58,1373
image7,https://www.mandsconsulting.com/wp-content/uploads/image7.png,png,2009-06-03 14:35:01,1374
image8,https://www.mandsconsulting.com/wp-content/uploads/image8.png,png,2009-06-03 14:35:03,1375
image9,https://www.mandsconsulting.com/wp-content/uploads/image9.png,png,2009-06-03 14:35:07,1376
image10,https://www.mandsconsulting.com/wp-content/uploads/image10.png,png,2009-06-03 14:35:10,1377
image11,https://www.mandsconsulting.com/wp-content/uploads/image11.png,png,2009-06-03 14:35:13,1378
async_vs_sync,https://www.mandsconsulting.com/wp-content/uploads/async_vs_sync.docx,docx,2009-06-04 12:27:28,1402
creatingasyn,https://www.mandsconsulting.com/wp-content/uploads/creatingasyn.jpg,jpg,2009-06-04 12:30:58,1403
invokeandreceive,https://www.mandsconsulting.com/wp-content/uploads/invokeandreceive.jpg,jpg,2009-06-04 12:31:01,1404
invokeandreceive1,https://www.mandsconsulting.com/wp-content/uploads/invokeandreceive1.jpg,jpg,2009-06-04 12:36:50,1406
mands_skype_ports,https://www.mandsconsulting.com/wp-content/uploads/mands_skype_ports.png,png,2009-06-04 14:18:48,1412
partnerlink,https://www.mandsconsulting.com/wp-content/uploads/partnerlink.jpg,jpg,2009-06-04 16:59:23,1418
timeout,https://www.mandsconsulting.com/wp-content/uploads/timeout.jpg,jpg,2009-06-04 16:59:25,1419
creatingsyn,https://www.mandsconsulting.com/wp-content/uploads/creatingsyn.jpg,jpg,2009-06-04 17:16:31,1422
jdeveloper-11g-installation-screenshots,https://www.mandsconsulting.com/wp-content/uploads/jdeveloper-11g-installation-screenshots.pdf,pdf,2009-06-04 23:46:17,1442
SOA at M&S Consulting - Intro,https://www.mandsconsulting.com/wp-content/uploads/mands_soa.mp3,mp3,2009-06-07 22:28:03,1528
ms_freeql_logov1,https://www.mandsconsulting.com/wp-content/uploads/ms_freeql_logov1.png,png,2009-06-09 15:32:18,1556
image6-500x3701,https://www.mandsconsulting.com/wp-content/uploads/image6-500x3701.png,png,2009-06-16 01:05:37,1645
blazeds,https://www.mandsconsulting.com/wp-content/uploads/blazeds.png,png,2009-06-17 02:34:52,1658
M&S and Affle,https://www.mandsconsulting.com/wp-content/uploads/mands_affle.png,png,2009-06-21 15:46:43,1685
image001,https://www.mandsconsulting.com/wp-content/uploads/image001.png,png,2009-06-25 18:33:43,1756
image003,https://www.mandsconsulting.com/wp-content/uploads/image003.png,png,2009-06-25 18:34:52,1757
image005,https://www.mandsconsulting.com/wp-content/uploads/image005.png,png,2009-06-25 18:35:30,1758
image007,https://www.mandsconsulting.com/wp-content/uploads/image007.png,png,2009-06-25 18:36:05,1759
topeka-google,https://www.mandsconsulting.com/wp-content/uploads/topeka.png,png,2010-04-01 10:37:35,1967
ra_app-screen1,https://www.mandsconsulting.com/wp-content/uploads/ra_app-screen1.jpg,jpg,2010-04-28 15:22:19,1979
ra_app-screen2,https://www.mandsconsulting.com/wp-content/uploads/ra_app-screen2.jpg,jpg,2010-04-28 15:23:32,1980
slmbadge,https://www.mandsconsulting.com/wp-content/uploads/slmbadge.png,png,2010-04-29 08:30:33,1982
highloaddbbadge,https://www.mandsconsulting.com/wp-content/uploads/highloaddbbadge.png,png,2010-04-29 08:31:27,1983
targetsearchbadge,https://www.mandsconsulting.com/wp-content/uploads/targetsearchbadge.png,png,2010-04-29 08:31:55,1984
sanu,https://www.mandsconsulting.com/wp-content/uploads/sanu.jpg,jpg,2010-05-01 10:39:22,1985
ashok,https://www.mandsconsulting.com/wp-content/uploads/ashok.jpg,jpg,2010-05-01 10:41:38,1986
jay,https://www.mandsconsulting.com/wp-content/uploads/jay.jpg,jpg,2010-05-01 10:55:19,1988
natalie,https://www.mandsconsulting.com/wp-content/uploads/natalie.jpg,jpg,2010-05-01 11:10:23,1989
amit,https://www.mandsconsulting.com/wp-content/uploads/amit.jpg,jpg,2010-05-01 14:46:32,1990
obiee-iphone,https://www.mandsconsulting.com/wp-content/uploads/obiee-iphone.png,png,2010-07-21 17:27:03,2001
image,https://www.mandsconsulting.com/wp-content/uploads/image.png,png,2010-09-08 19:46:16,2009
image-1,https://www.mandsconsulting.com/wp-content/uploads/image-1.png,png,2010-09-08 19:46:19,2010
image-2,https://www.mandsconsulting.com/wp-content/uploads/image-2.png,png,2010-09-08 19:46:21,2011
image-3,https://www.mandsconsulting.com/wp-content/uploads/image-3.png,png,2010-09-08 19:46:23,2012
image-4,https://www.mandsconsulting.com/wp-content/uploads/image-4.png,png,2010-09-08 19:46:25,2013
image-5,https://www.mandsconsulting.com/wp-content/uploads/image-5.png,png,2010-09-08 19:46:27,2014
image-6,https://www.mandsconsulting.com/wp-content/uploads/image-6.png,png,2010-09-08 19:46:29,2015
image-7,https://www.mandsconsulting.com/wp-content/uploads/image-7.png,png,2010-09-08 19:46:31,2016
image-8,https://www.mandsconsulting.com/wp-content/uploads/image-8.png,png,2010-09-08 19:46:33,2017
image-9,https://www.mandsconsulting.com/wp-content/uploads/image-9.png,png,2010-09-08 19:46:35,2018
image-10,https://www.mandsconsulting.com/wp-content/uploads/image-10.png,png,2010-09-08 19:46:37,2019
image-11,https://www.mandsconsulting.com/wp-content/uploads/image-11.png,png,2010-09-08 19:46:39,2020
image-12,https://www.mandsconsulting.com/wp-content/uploads/image-12.png,png,2010-09-08 19:46:41,2021
oow2010,https://www.mandsconsulting.com/wp-content/uploads/oow2010.png,png,2010-09-13 10:25:21,2025
adobe_apple_google,https://www.mandsconsulting.com/wp-content/uploads/adobe_apple_google.jpg,jpg,2010-09-13 19:28:10,2027
Executive Summary - Continuous Business Transformation,https://www.mandsconsulting.com/wp-content/uploads/ms-executive-summary-cbt.pdf,pdf,2010-09-14 22:17:57,2032
Positioning BPM within SOA,https://www.mandsconsulting.com/wp-content/uploads/ms-executive-summary-cbt-positioning-bpm-within-soa.pdf,pdf,2010-09-14 22:22:37,2033
processtiers,https://www.mandsconsulting.com/wp-content/uploads/processtiers.png,png,2010-09-17 11:36:42,2041
processtiers1,https://www.mandsconsulting.com/wp-content/uploads/processtiers1.png,png,2010-09-17 15:27:44,2044
five-process-improvement-cultures,https://www.mandsconsulting.com/wp-content/uploads/five-process-improvement-cultures.jpg,jpg,2010-09-17 16:30:47,2045
distinct-process-tiers,https://www.mandsconsulting.com/wp-content/uploads/distinct-process-tiers.png,png,2010-09-17 17:40:28,2048
distinct-process-tiers1,https://www.mandsconsulting.com/wp-content/uploads/distinct-process-tiers1.png,png,2010-09-17 17:42:17,2049
rdp_single_or_multiple_session,https://www.mandsconsulting.com/wp-content/uploads/rdp_single_or_multiple_session.png,png,2010-09-18 22:07:21,2054
wc_spaces_oid,https://www.mandsconsulting.com/wp-content/uploads/wc_spaces_oid.png,png,2010-09-26 20:05:37,2074
bpm11g_wc_spaces,https://www.mandsconsulting.com/wp-content/uploads/bpm11g_wc_spaces.png,png,2010-09-27 02:45:54,2079
bpm11g_wc_spaces2,https://www.mandsconsulting.com/wp-content/uploads/bpm11g_wc_spaces2.png,png,2010-09-27 09:41:23,2080
ms-consulting-installing-jdeveloper-11g-11_1_1_3_0,https://www.mandsconsulting.com/wp-content/uploads/ms-consulting-installing-jdeveloper-11g-11_1_1_3_0.pdf,pdf,2010-09-27 20:24:46,2083
sfdc_soa_11g,https://www.mandsconsulting.com/wp-content/uploads/sfdc_soa_11g.png,png,2010-10-19 13:03:01,2091
webcenter_picture,https://www.mandsconsulting.com/wp-content/uploads/webcenter_picture.png,png,2010-11-10 09:54:11,2097
jdev_fmw_extensions,https://www.mandsconsulting.com/wp-content/uploads/jdev_fmw_extensions.png,png,2010-11-12 11:44:23,2100
mands_web_logo,https://www.mandsconsulting.com/wp-content/uploads/mands_web_logo.png,png,2010-12-15 00:31:16,2112
wallpaper_red,https://www.mandsconsulting.com/wp-content/uploads/wallpaper_red.jpg,jpg,2010-12-15 19:39:36,2121
wallpaper_procper,https://www.mandsconsulting.com/wp-content/uploads/wallpaper_procper.jpg,jpg,2010-12-15 20:20:21,2122
wallpaper_tunnel,https://www.mandsconsulting.com/wp-content/uploads/wallpaper_tunnel.jpg,jpg,2010-12-15 20:29:20,2123
wallpaper_golf,https://www.mandsconsulting.com/wp-content/uploads/wallpaper_golf.jpg,jpg,2010-12-15 20:35:44,2124
procper-small-crop,https://www.mandsconsulting.com/wp-content/uploads/procper-small-crop.jpg,jpg,2010-12-16 11:34:52,2159
new_website,https://www.mandsconsulting.com/wp-content/uploads/new_website.png,png,2010-12-16 16:08:01,2184
old_website,https://www.mandsconsulting.com/wp-content/uploads/old_website.png,png,2010-12-16 16:09:01,2185
old_website,https://www.mandsconsulting.com/wp-content/uploads/old_website1.png,png,2010-12-16 16:24:40,2187
cf9_matrix,https://www.mandsconsulting.com/wp-content/uploads/cf9_matrix.png,png,2010-12-19 22:16:39,2196
sql_server_mgmt_studio,https://www.mandsconsulting.com/wp-content/uploads/sql_server_mgmt_studio.png,png,2010-12-20 17:48:12,2200
formulator,https://www.mandsconsulting.com/wp-content/uploads/formulator.png,png,2010-12-23 04:04:55,2209
oracle_webcenter,https://www.mandsconsulting.com/wp-content/uploads/oracle_webcenter.png,png,2010-12-23 11:31:51,2213
oracle_wls,https://www.mandsconsulting.com/wp-content/uploads/oracle_wls.png,png,2010-12-23 11:31:55,2214
oracle_portal,https://www.mandsconsulting.com/wp-content/uploads/oracle_portal.png,png,2010-12-23 11:32:00,2215
oracle_em,https://www.mandsconsulting.com/wp-content/uploads/oracle_em.png,png,2010-12-23 11:32:04,2216
oracle_grid,https://www.mandsconsulting.com/wp-content/uploads/oracle_grid.png,png,2010-12-23 11:32:08,2217
oracle_idm,https://www.mandsconsulting.com/wp-content/uploads/oracle_idm.png,png,2010-12-23 11:32:14,2218
oracle_soa,https://www.mandsconsulting.com/wp-content/uploads/oracle_soa.png,png,2010-12-23 11:32:18,2219
oracle_wc,https://www.mandsconsulting.com/wp-content/uploads/oracle_wc.png,png,2010-12-23 11:32:21,2220
liferay_logo,https://www.mandsconsulting.com/wp-content/uploads/liferay_logo.png,png,2010-12-23 13:58:07,2230
alfresco-logo,https://www.mandsconsulting.com/wp-content/uploads/alfresco-logo.png,png,2010-12-23 13:59:32,2231
eclipse_logo,https://www.mandsconsulting.com/wp-content/uploads/eclipse_logo.png,png,2010-12-24 12:43:14,2245
update_eclipse_1,https://www.mandsconsulting.com/wp-content/uploads/update_eclipse_1.png,png,2010-12-24 12:52:16,2250
update_eclipse_2,https://www.mandsconsulting.com/wp-content/uploads/update_eclipse_2.png,png,2010-12-24 12:52:22,2251
update_eclipse_3,https://www.mandsconsulting.com/wp-content/uploads/update_eclipse_3.png,png,2010-12-24 12:52:30,2252
update_eclipse_4,https://www.mandsconsulting.com/wp-content/uploads/update_eclipse_4.png,png,2010-12-24 12:52:34,2253
update_eclipse_5,https://www.mandsconsulting.com/wp-content/uploads/update_eclipse_5.png,png,2010-12-24 12:52:37,2254
update_eclipse_6,https://www.mandsconsulting.com/wp-content/uploads/update_eclipse_6.png,png,2010-12-24 12:52:41,2255
update_eclipse_7,https://www.mandsconsulting.com/wp-content/uploads/update_eclipse_7.png,png,2010-12-24 12:52:44,2256
update_eclipse_8,https://www.mandsconsulting.com/wp-content/uploads/update_eclipse_8.png,png,2010-12-24 12:52:49,2257
update_eclipse_9,https://www.mandsconsulting.com/wp-content/uploads/update_eclipse_9.png,png,2010-12-24 12:52:55,2258
Liferay IDE Installation and Development on Windows,https://www.mandsconsulting.com/wp-content/uploads/Liferay-IDE-Installation-and-Development-on-Windows.pdf,pdf,2010-12-26 22:05:49,2266
lr_ide_web1,https://www.mandsconsulting.com/wp-content/uploads/lr_ide_web1.png,png,2010-12-26 22:20:56,2269
pdf_icon,https://www.mandsconsulting.com/wp-content/uploads/pdf_icon.gif,gif,2010-12-27 10:05:48,2272
pdf_icon_large,https://www.mandsconsulting.com/wp-content/uploads/pdf_icon_large.gif,gif,2010-12-27 10:10:46,2273
pdf_icon_tiny,https://www.mandsconsulting.com/wp-content/uploads/pdf_icon_tiny.gif,gif,2010-12-27 10:10:47,2274
quote-right-2,https://www.mandsconsulting.com/wp-content/uploads/quote-right-2.png,png,2010-12-27 11:13:32,2275
quote-left-2,https://www.mandsconsulting.com/wp-content/uploads/quote-left-2.png,png,2010-12-27 11:13:34,2276
quote-right,https://www.mandsconsulting.com/wp-content/uploads/quote-right.png,png,2010-12-27 11:13:36,2277
quote-left,https://www.mandsconsulting.com/wp-content/uploads/quote-left.png,png,2010-12-27 11:13:38,2278
quote-left-only,https://www.mandsconsulting.com/wp-content/uploads/quote-left-only.png,png,2010-12-27 11:19:46,2279
icon-1,https://www.mandsconsulting.com/wp-content/uploads/icon-1.png,png,2010-12-27 12:21:34,2283
icon-2,https://www.mandsconsulting.com/wp-content/uploads/icon-2.gif,gif,2010-12-27 12:21:35,2284
icon-3,https://www.mandsconsulting.com/wp-content/uploads/icon-3.gif,gif,2010-12-27 12:21:37,2285
wallpaper_oracle-2,https://www.mandsconsulting.com/wp-content/uploads/wallpaper_oracle-2.jpg,jpg,2010-12-27 18:33:39,2290
testimonial1,https://www.mandsconsulting.com/wp-content/uploads/testimonial1.jpg,jpg,2010-12-29 01:28:19,2311
mands_service_delivery_models,https://www.mandsconsulting.com/wp-content/uploads/mands_service_delivery_models.png,png,2010-12-29 10:53:45,2312
liferay_svn6,https://www.mandsconsulting.com/wp-content/uploads/liferay_svn6.png,png,2011-01-02 22:10:06,2323
liferay_svn5,https://www.mandsconsulting.com/wp-content/uploads/liferay_svn5.png,png,2011-01-02 22:10:13,2324
liferay_svn4,https://www.mandsconsulting.com/wp-content/uploads/liferay_svn4.png,png,2011-01-02 22:10:21,2325
liferay_svn3,https://www.mandsconsulting.com/wp-content/uploads/liferay_svn3.png,png,2011-01-02 22:10:28,2326
liferay_svn2,https://www.mandsconsulting.com/wp-content/uploads/liferay_svn2.png,png,2011-01-02 22:10:35,2327
liferay_svn1,https://www.mandsconsulting.com/wp-content/uploads/liferay_svn1.png,png,2011-01-02 22:10:43,2328
wls_perimeter_auth,https://www.mandsconsulting.com/wp-content/uploads/wls_perimeter_auth.gif,gif,2011-01-10 07:41:15,2356
wls_authen_process,https://www.mandsconsulting.com/wp-content/uploads/wls_authen_process.gif,gif,2011-01-10 07:52:38,2357
wls_id_assert_process,https://www.mandsconsulting.com/wp-content/uploads/wls_id_assert_process.gif,gif,2011-01-10 07:52:41,2358
wtfs_per_minute,https://www.mandsconsulting.com/wp-content/uploads/wtfs_per_minute.jpg,jpg,2011-01-10 18:09:50,2381
toad_install_alert,https://www.mandsconsulting.com/wp-content/uploads/toad_install_alert.png,png,2011-01-12 15:50:52,2384
ktpass_version_1,https://www.mandsconsulting.com/wp-content/uploads/ktpass_version_1.png,png,2011-01-14 19:02:44,2392
ktpass_version_2,https://www.mandsconsulting.com/wp-content/uploads/ktpass_version_2.png,png,2011-01-14 19:42:28,2395
ktpass_version_0,https://www.mandsconsulting.com/wp-content/uploads/ktpass_version_0.png,png,2011-01-14 20:26:21,2400
adf_bar,https://www.mandsconsulting.com/wp-content/uploads/adf_bar.png,png,2011-01-17 11:38:47,2403
adf_example,https://www.mandsconsulting.com/wp-content/uploads/adf_example.gif,gif,2011-01-17 11:38:50,2404
adf_map,https://www.mandsconsulting.com/wp-content/uploads/adf_map.png,png,2011-01-17 11:38:56,2405
adf_pie,https://www.mandsconsulting.com/wp-content/uploads/adf_pie.png,png,2011-01-17 11:39:00,2406
soa_11g_download_1,https://www.mandsconsulting.com/wp-content/uploads/soa_11g_download_1.png,png,2011-01-17 12:17:24,2417
soa_11g_download_2,https://www.mandsconsulting.com/wp-content/uploads/soa_11g_download_2.png,png,2011-01-17 12:17:30,2418
soa_11g_download_3,https://www.mandsconsulting.com/wp-content/uploads/soa_11g_download_3.png,png,2011-01-17 12:32:25,2422
jdev_download_1,https://www.mandsconsulting.com/wp-content/uploads/jdev_download_1.png,png,2011-01-17 13:22:37,2430
11g_ps3_bpm_issue,https://www.mandsconsulting.com/wp-content/uploads/11g_ps3_bpm_issue.png,png,2011-01-17 13:44:20,2439
wc11gPS3,https://www.mandsconsulting.com/wp-content/uploads/wc11gPS3.png,png,2011-01-25 13:39:49,2525
webcenter_11g_ps3_download,https://www.mandsconsulting.com/wp-content/uploads/webcenter_11g_ps3_download.png,png,2011-01-25 13:48:56,2530
idm_11g_ps3_download,https://www.mandsconsulting.com/wp-content/uploads/idm_11g_ps3_download.png,png,2011-01-25 21:07:29,2535
wls_delete-01,https://www.mandsconsulting.com/wp-content/uploads/wls_delete-01.png,png,2011-01-28 19:56:11,2553
ibm_attacks_oracle-1,https://www.mandsconsulting.com/wp-content/uploads/ibm_attacks_oracle-1.png,png,2011-02-01 13:15:17,2559
oracle_ecm_vs_ucm,https://www.mandsconsulting.com/wp-content/uploads/oracle_ecm.png,png,2011-02-04 02:19:43,2565
liferay_web_content_google_charts,https://www.mandsconsulting.com/wp-content/uploads/liferay_web_content_google_charts.png,png,2011-02-04 13:23:13,2573
google_docs_notifications-01,https://www.mandsconsulting.com/wp-content/uploads/google_docs_notifications-01.png,png,2011-02-06 13:57:44,2577
google_docs_notifications-02,https://www.mandsconsulting.com/wp-content/uploads/google_docs_notifications-02.png,png,2011-02-06 13:57:56,2578
send_cancel,https://www.mandsconsulting.com/wp-content/uploads/send_cancel.png,png,2011-02-08 01:51:04,2581
4_installs-1,https://www.mandsconsulting.com/wp-content/uploads/4_installs-1.png,png,2011-02-08 14:44:01,2587
logo_gold_partner,https://www.mandsconsulting.com/wp-content/uploads/logo_gold_partner.png,png,2011-02-09 18:21:09,2590
XML Task,https://www.mandsconsulting.com/wp-content/uploads/XMLTask1.jpg,jpg,2011-02-15 10:22:25,2596
Script Task,https://www.mandsconsulting.com/wp-content/uploads/ScriptTask1.jpg,jpg,2011-02-15 10:22:33,2597
adflogo,https://www.mandsconsulting.com/wp-content/uploads/adflogo.gif,gif,2011-02-15 11:49:46,2624
tableform1,https://www.mandsconsulting.com/wp-content/uploads/tableform1.png,png,2011-02-15 15:16:38,2669
tableform2,https://www.mandsconsulting.com/wp-content/uploads/tableform2.png,png,2011-02-15 15:16:56,2670
tableform3,https://www.mandsconsulting.com/wp-content/uploads/tableform3.png,png,2011-02-15 15:17:11,2671
tableform4,https://www.mandsconsulting.com/wp-content/uploads/tableform4.png,png,2011-02-15 15:17:30,2672
EJBpersist,https://www.mandsconsulting.com/wp-content/uploads/EJBpersist.png,png,2011-02-15 15:17:58,2674
EJBpersist2,https://www.mandsconsulting.com/wp-content/uploads/EJBpersist2.png,png,2011-02-15 15:18:15,2675
EJBpersist3,https://www.mandsconsulting.com/wp-content/uploads/EJBpersist3.png,png,2011-02-15 15:18:31,2676
tableform5,https://www.mandsconsulting.com/wp-content/uploads/tableform5.png,png,2011-02-15 15:37:27,2677
logo_sqlIntegrationSvc,https://www.mandsconsulting.com/wp-content/uploads/logo_sqlIntegrationSvc.gif,gif,2011-02-15 17:29:42,2710
savepackagetomsdb1,https://www.mandsconsulting.com/wp-content/uploads/savepackagetomsdb1.png,png,2011-02-16 12:53:06,2722
scripttaskstart,https://www.mandsconsulting.com/wp-content/uploads/scripttaskstart.png,png,2011-02-16 13:41:45,2728
mod_auth_kerb,https://www.mandsconsulting.com/wp-content/uploads/mod_auth_kerb.png,png,2011-02-17 12:17:30,2733
oim11g-01,https://www.mandsconsulting.com/wp-content/uploads/oim11g-01.png,png,2011-03-03 01:49:47,2786
oim11g-02,https://www.mandsconsulting.com/wp-content/uploads/oim11g-02.png,png,2011-03-03 01:49:56,2787
oim11g-03,https://www.mandsconsulting.com/wp-content/uploads/oim11g-03.png,png,2011-03-03 01:50:08,2788
nagios_nsclient-03,https://www.mandsconsulting.com/wp-content/uploads/nagios_nsclient-03.png,png,2011-03-03 21:54:10,2808
portal_oas_upgrade-01,https://www.mandsconsulting.com/wp-content/uploads/portal_oas_upgrade-01.png,png,2011-03-21 09:20:18,2816
portal_oas_upgrade-02,https://www.mandsconsulting.com/wp-content/uploads/portal_oas_upgrade-02.png,png,2011-03-21 09:20:23,2817
portal_oas_upgrade-03,https://www.mandsconsulting.com/wp-content/uploads/portal_oas_upgrade-03.png,png,2011-03-21 09:25:48,2818
chrome-01,https://www.mandsconsulting.com/wp-content/uploads/chrome-01.png,png,2011-03-21 09:29:06,2819
portal_oas_upgrade-04,https://www.mandsconsulting.com/wp-content/uploads/portal_oas_upgrade-04.png,png,2011-03-21 09:35:20,2821
previous_archived_jdk_jre_java,https://www.mandsconsulting.com/wp-content/uploads/previous_archived_jdk_jre_java.png,png,2011-03-25 13:44:51,2845
soa-sca-11g,https://www.mandsconsulting.com/wp-content/uploads/soa-sca-11g.png,png,2011-03-25 16:25:19,2848
ora-00907-create_table_right_parenthesis,https://www.mandsconsulting.com/wp-content/uploads/ora-00907-create_table_right_parenthesis.png,png,2011-03-30 10:31:59,2850
ie_js_error,https://www.mandsconsulting.com/wp-content/uploads/ie_js_error.png,png,2011-04-05 11:07:52,2859
RemoteDesktop_FullScreen,https://www.mandsconsulting.com/wp-content/uploads/RemoteDesktop_FullScreen.png,png,2011-04-05 11:18:44,2861
RemoteDesktop_Maximize,https://www.mandsconsulting.com/wp-content/uploads/RemoteDesktop_Maximize.png,png,2011-04-05 11:18:54,2862
VirtualBox,https://www.mandsconsulting.com/wp-content/uploads/VirtualBox.png,png,2011-04-08 18:02:39,2889
VMWare Workstation,https://www.mandsconsulting.com/wp-content/uploads/VMWare-Workstation.png,png,2011-04-08 18:02:45,2890
setDomainEnv,https://www.mandsconsulting.com/wp-content/uploads/setDomainEnv.png,png,2011-04-14 10:56:05,2905
AIA Install,https://www.mandsconsulting.com/wp-content/uploads/AIA-Install.png,png,2011-04-14 11:01:42,2907
Service Component Architecture Composite XML file,https://www.mandsconsulting.com/wp-content/uploads/BPM-Composite.png,png,2011-04-15 19:59:09,2922
BPM Process Composer,https://www.mandsconsulting.com/wp-content/uploads/Composer.png,png,2011-04-15 20:00:58,2923
integrated_wls_qtjava,https://www.mandsconsulting.com/wp-content/uploads/integrated_wls_qtjava.png,png,2011-04-18 09:30:11,2935
integrated_wls_running,https://www.mandsconsulting.com/wp-content/uploads/integrated_wls_running.png,png,2011-04-18 09:40:30,2938
integrated_wls_deploying_console,https://www.mandsconsulting.com/wp-content/uploads/integrated_wls_deploying_console.png,png,2011-04-18 09:40:34,2939
Workspace Task,https://www.mandsconsulting.com/wp-content/uploads/Workspace-Task.png,png,2011-04-18 15:41:42,2949
Workspace Task,https://www.mandsconsulting.com/wp-content/uploads/Workspace-Task1.png,png,2011-04-18 15:42:45,2950
Workspace Application,https://www.mandsconsulting.com/wp-content/uploads/Workspace-Task2.png,png,2011-04-18 15:43:26,2951
BPM Applications in Enterprise Manager,https://www.mandsconsulting.com/wp-content/uploads/EM-BPM-Apps.png,png,2011-04-18 16:04:40,2952
Activities,https://www.mandsconsulting.com/wp-content/uploads/Activities.png,png,2011-04-18 16:57:18,2958
Human Task,https://www.mandsconsulting.com/wp-content/uploads/Human-Task.png,png,2011-04-18 17:03:52,2959
Human Task,https://www.mandsconsulting.com/wp-content/uploads/Human-Task1.png,png,2011-04-18 17:10:09,2960
User Task Impl,https://www.mandsconsulting.com/wp-content/uploads/User-Task-Impl.png,png,2011-04-18 17:32:03,2964
Organization Model,https://www.mandsconsulting.com/wp-content/uploads/Organization.png,png,2011-04-18 17:44:18,2965
Simulation,https://www.mandsconsulting.com/wp-content/uploads/Simulation.png,png,2011-04-18 18:32:30,2967
Gateways,https://www.mandsconsulting.com/wp-content/uploads/Gateways.png,png,2011-04-18 18:52:04,2970
Events,https://www.mandsconsulting.com/wp-content/uploads/Events.png,png,2011-04-18 18:52:52,2971
Business Rule,https://www.mandsconsulting.com/wp-content/uploads/Business-Rule.png,png,2011-04-18 18:53:27,2972
Business Objects,https://www.mandsconsulting.com/wp-content/uploads/Business-Objects.png,png,2011-04-18 19:24:13,2975
Business and Data Objects,https://www.mandsconsulting.com/wp-content/uploads/Business-Objects1.png,png,2011-04-18 19:25:33,2976
setSOADomainEnv,https://www.mandsconsulting.com/wp-content/uploads/setSOADomainEnv.png,png,2011-04-18 19:52:02,2978
BPM Composite XML ,https://www.mandsconsulting.com/wp-content/uploads/BPM-Composite1.png,png,2011-04-18 20:22:09,2981
Process Composer,https://www.mandsconsulting.com/wp-content/uploads/Composer1.png,png,2011-04-18 20:28:20,2984
Service Component Architecture (SCA) JAR File,https://www.mandsconsulting.com/wp-content/uploads/SCA-JAR.png,png,2011-04-19 17:37:10,2993
BPM SOA Software Stack,https://www.mandsconsulting.com/wp-content/uploads/SOA-Drawing.jpg,jpg,2011-04-19 18:02:19,2995
BPM Applications in Enterprise Manager,https://www.mandsconsulting.com/wp-content/uploads/EM-BPM-Apps1.png,png,2011-04-19 18:10:00,2997
SOA Service Components and Adapters,https://www.mandsconsulting.com/wp-content/uploads/Soa-Components.png,png,2011-04-19 18:36:16,2999
Service Component Architecture JAR File,https://www.mandsconsulting.com/wp-content/uploads/SCA-JAR1.png,png,2011-04-19 19:57:00,3003
ervice Component Architecture JAR File,https://www.mandsconsulting.com/wp-content/uploads/SCA-JAR2.png,png,2011-04-19 19:58:31,3005
JDev BPM,https://www.mandsconsulting.com/wp-content/uploads/JDev-BPM.png,png,2011-04-19 20:55:22,3024
BPM Process,https://www.mandsconsulting.com/wp-content/uploads/BPM-Process.png,png,2011-04-19 20:55:59,3025
BPM Process in JDeveloper,https://www.mandsconsulting.com/wp-content/uploads/BPM-Process1.png,png,2011-04-19 20:56:54,3026
BPM Process in JDeveloper,https://www.mandsconsulting.com/wp-content/uploads/BPM-Process2.png,png,2011-04-19 21:02:13,3029
wordpress_joomla_drupal_cms_trends_year,https://www.mandsconsulting.com/wp-content/uploads/wordpress_joomla_drupal_cms_trends_year.png,png,2011-04-22 13:06:38,3036
cms_wordpress_joomla_drupal_cms_trends_year,https://www.mandsconsulting.com/wp-content/uploads/cms_wordpress_joomla_drupal_cms_trends_year.png,png,2011-04-22 13:06:44,3037
cms_wordpress_joomla_drupal_cms_trends,https://www.mandsconsulting.com/wp-content/uploads/cms_wordpress_joomla_drupal_cms_trends.png,png,2011-04-22 13:06:50,3038
wordpress_joomla_drupal_cms_trends,https://www.mandsconsulting.com/wp-content/uploads/wordpress_joomla_drupal_cms_trends.png,png,2011-04-22 13:06:56,3039
ioug2,https://www.mandsconsulting.com/wp-content/uploads/ioug2.png,png,2011-04-25 20:37:39,3054
collaborate11_ioug3,https://www.mandsconsulting.com/wp-content/uploads/collaborate11_ioug3.png,png,2011-04-25 20:37:47,3055
ioug1,https://www.mandsconsulting.com/wp-content/uploads/ioug1.png,png,2011-04-25 20:37:51,3056
collaborate11_ioug2,https://www.mandsconsulting.com/wp-content/uploads/collaborate11_ioug2.png,png,2011-04-25 20:37:57,3057
collaborate11_ioug1,https://www.mandsconsulting.com/wp-content/uploads/collaborate11_ioug1.png,png,2011-04-25 20:38:28,3058
ie6-01,https://www.mandsconsulting.com/wp-content/uploads/ie6-01.png,png,2011-05-30 15:33:51,3095
ie6-02,https://www.mandsconsulting.com/wp-content/uploads/ie6-02.png,png,2011-05-30 15:33:56,3096
ie6-03,https://www.mandsconsulting.com/wp-content/uploads/ie6-03.png,png,2011-05-30 15:34:01,3097
iq_new_cart,https://www.mandsconsulting.com/wp-content/uploads/iq_new_cart.png,png,2011-06-07 10:48:51,3125
bigmon_mands-01,https://www.mandsconsulting.com/wp-content/uploads/bigmon_mands-01.png,png,2011-06-18 14:57:39,3139
bigmon_mands-02,https://www.mandsconsulting.com/wp-content/uploads/bigmon_mands-02.png,png,2011-06-18 14:57:48,3140
bigmon_mands-03,https://www.mandsconsulting.com/wp-content/uploads/bigmon_mands-03.png,png,2011-06-18 14:58:05,3141
oow2011_banner2_see_us,https://www.mandsconsulting.com/wp-content/uploads/oow2011_banner2_see_us.gif,gif,2011-07-29 12:01:57,3151
oow2011_banner1,https://www.mandsconsulting.com/wp-content/uploads/oow2011_banner1.gif,gif,2011-07-29 12:02:00,3152
webcenter_book,https://www.mandsconsulting.com/wp-content/uploads/webcenter_book.png,png,2011-09-06 09:27:11,3168
PacktLib logo,https://www.mandsconsulting.com/wp-content/uploads/PacktLib-logo.jpg,jpg,2011-09-06 09:27:14,3169
5 covers,https://www.mandsconsulting.com/wp-content/uploads/5-covers.jpg,jpg,2011-09-06 09:27:17,3170
Packtlib banner,https://www.mandsconsulting.com/wp-content/uploads/Packtlib-banner.jpg,jpg,2011-09-06 09:27:20,3171
windows_environment_variables,https://www.mandsconsulting.com/wp-content/uploads/windows_environment_variables.png,png,2011-10-27 09:10:51,3197
windows7_environment_variables,https://www.mandsconsulting.com/wp-content/uploads/windows7_environment_variables.png,png,2011-10-27 09:22:41,3198
screenshot-1,https://www.mandsconsulting.com/wp-content/uploads/screenshot-11.png,png,2011-12-06 12:31:28,3216
screenshot-2,https://www.mandsconsulting.com/wp-content/uploads/screenshot-21.png,png,2011-12-06 12:31:30,3217
screenshot-3,https://www.mandsconsulting.com/wp-content/uploads/screenshot-31.png,png,2011-12-06 12:31:33,3218
screenshot-4,https://www.mandsconsulting.com/wp-content/uploads/screenshot-4.png,png,2011-12-06 12:31:35,3219
screenshot-5,https://www.mandsconsulting.com/wp-content/uploads/screenshot-5.png,png,2011-12-06 12:31:37,3220
screenshot-6,https://www.mandsconsulting.com/wp-content/uploads/screenshot-6.png,png,2011-12-06 12:31:40,3221
screenshot-7,https://www.mandsconsulting.com/wp-content/uploads/screenshot-7.png,png,2011-12-06 12:31:42,3222
checkpoint_ssl_network_extender_failed,https://www.mandsconsulting.com/wp-content/uploads/checkpoint_ssl_network_extender_failed.png,png,2012-02-10 15:26:52,3255
oracle_client_32,https://www.mandsconsulting.com/wp-content/uploads/oracle_client_32.png,png,2012-03-12 14:24:24,3261
oracle_client_64,https://www.mandsconsulting.com/wp-content/uploads/oracle_client_64.png,png,2012-03-12 14:24:27,3262
oracle_client_64_toad_error,https://www.mandsconsulting.com/wp-content/uploads/oracle_client_64_toad_error.png,png,2012-03-12 14:24:30,3263
oracle_client_64_uninstall1,https://www.mandsconsulting.com/wp-content/uploads/oracle_client_64_uninstall1.png,png,2012-03-12 14:24:33,3264
oracle_client_64_uninstall2,https://www.mandsconsulting.com/wp-content/uploads/oracle_client_64_uninstall2.png,png,2012-03-12 14:24:37,3265
Lookup.AD.Domains,https://www.mandsconsulting.com/wp-content/uploads/Lookup.AD_.Domains.png,png,2012-04-20 21:34:40,3271
google_analytics_oracle_adf_11g,https://www.mandsconsulting.com/wp-content/uploads/google_analytics_oracle_adf_11g.png,png,2012-05-08 19:01:24,3324
select_in_select,https://www.mandsconsulting.com/wp-content/uploads/select_in_select.png,png,2012-05-10 16:11:16,3337
Attack Surface Visualization,https://www.mandsconsulting.com/wp-content/uploads/Untitleddrawing.png,png,2012-05-11 17:21:08,3350
standoff,https://www.mandsconsulting.com/wp-content/uploads/standoff.jpg,jpg,2012-05-11 18:27:11,3359
mysql_wb5,https://www.mandsconsulting.com/wp-content/uploads/mysql_wb5.png,png,2012-07-02 12:14:14,3389
mysql_wb4,https://www.mandsconsulting.com/wp-content/uploads/mysql_wb4.png,png,2012-07-02 12:14:16,3390
mysql_wb3,https://www.mandsconsulting.com/wp-content/uploads/mysql_wb3.png,png,2012-07-02 12:14:18,3391
mysql_wb2,https://www.mandsconsulting.com/wp-content/uploads/mysql_wb2.png,png,2012-07-02 12:14:20,3392
mysql_wb1,https://www.mandsconsulting.com/wp-content/uploads/mysql_wb1.png,png,2012-07-02 12:14:22,3393
mysql_wb6,https://www.mandsconsulting.com/wp-content/uploads/mysql_wb6.png,png,2012-07-02 12:19:13,3396
mysql_wb7,https://www.mandsconsulting.com/wp-content/uploads/mysql_wb7.png,png,2012-07-02 12:20:50,3398
regIntBall,https://www.mandsconsulting.com/wp-content/uploads/regIntBall.gif,gif,2012-07-17 15:46:18,3465
M&S-favicon,https://www.mandsconsulting.com/wp-content/uploads/MS-favicon.png,png,2013-01-09 16:39:42,3524
Wallpaper-Career-Slider,https://www.mandsconsulting.com/wp-content/uploads/Wallpaper-Career-Slider.jpg,jpg,2013-02-01 11:44:58,3547
Wallpaper-Career-Slider,https://www.mandsconsulting.com/wp-content/uploads/Wallpaper-Career-Slider1.jpg,jpg,2013-02-01 15:19:53,3550
mands_web_logo,https://www.mandsconsulting.com/wp-content/uploads/mands_web_logo3.png,png,2013-02-06 11:33:28,3556
1276_punytive_damages-1 2005,https://www.mandsconsulting.com/wp-content/uploads/1276_punytive_damages-1-2005.png,png,2013-03-04 12:34:11,3560
1276_punytive_damages-1 top,https://www.mandsconsulting.com/wp-content/uploads/1276_punytive_damages-1-top.png,png,2013-03-04 12:34:15,3561
mands_web_logo-50,https://www.mandsconsulting.com/wp-content/uploads/mands_web_logo-50.png,png,2013-05-01 09:26:19,3888
Placeholder-Slider,https://www.mandsconsulting.com/wp-content/uploads/Placeholder-Slider.png,png,2013-05-01 10:23:30,3894
M&S-Main-10_200-Slider,https://www.mandsconsulting.com/wp-content/uploads/MS-Main-10_200-Slider.png,png,2013-05-01 11:58:21,3913
M&S-Main-Bkgd-Slider,https://www.mandsconsulting.com/wp-content/uploads/MS-Main-Bkgd-Slider.png,png,2013-05-01 11:58:25,3914
M&S-Main-DoneBetter-Slider,https://www.mandsconsulting.com/wp-content/uploads/MS-Main-DoneBetter-Slider.png,png,2013-05-01 11:58:29,3915
M&S-Main-10_200-Slider,https://www.mandsconsulting.com/wp-content/uploads/MS-Main-10_200-Slider1.png,png,2013-05-02 17:51:44,3938
11gR2_Products,https://www.mandsconsulting.com/wp-content/uploads/11gR2_Products.png,png,2013-06-04 17:18:08,3956
E-Verify_Logo_4-Color_RGB_LG_JPG,https://www.mandsconsulting.com/wp-content/uploads/E-Verify_Logo_4-Color_RGB_LG_JPG.jpg,jpg,2013-06-05 13:49:02,3978
identityManagement_objectives,https://www.mandsconsulting.com/wp-content/uploads/identityManagement_objectives.png,png,2013-06-05 16:16:58,3990
identityManagement_Solutions,https://www.mandsconsulting.com/wp-content/uploads/identityManagement_Solutions.png,png,2013-06-05 16:19:02,3991
IdAM Vendor / Product Matrix,https://www.mandsconsulting.com/wp-content/uploads/idam.png,png,2013-06-25 10:45:52,4042
IdAM Vendor / Product Matrix,https://www.mandsconsulting.com/wp-content/uploads/idam1.png,png,2013-06-25 10:47:15,4044
IdAM - Vendor Product Matrix,https://www.mandsconsulting.com/wp-content/uploads/Copy-of-IdAM-Vendor-_-Product-Matrix.pdf,pdf,2013-06-25 10:49:21,4046
IdAM Vendor / Product Matrix,https://www.mandsconsulting.com/wp-content/uploads/idam2.png,png,2013-06-25 10:54:40,4049
IdAM Vendor Product Matrix,https://www.mandsconsulting.com/wp-content/uploads/idam3.png,png,2013-06-25 10:56:13,4051
IdAM Vendor Product Matrix,https://www.mandsconsulting.com/wp-content/uploads/idam4.png,png,2013-06-25 10:57:03,4053
IdAM - Vendor Product Matrix,https://www.mandsconsulting.com/wp-content/uploads/IdAM-Vendor-_-Product-Matrix-Sheet1-page-0.jpg,jpg,2013-06-25 11:05:05,4056
IdAM - Vendor Product Matrix,https://www.mandsconsulting.com/wp-content/uploads/IdAM-Vendor-_-Product-Matrix-Sheet1-page-01.jpg,jpg,2013-06-25 11:10:23,4059
IdAM - Vendor Product Matrix,https://www.mandsconsulting.com/wp-content/uploads/IdAM-Vendor-_-Product-Matrix-Sheet1-page-02.jpg,jpg,2013-06-25 11:12:56,4061
IdAM Vendor / Product Matrix,https://www.mandsconsulting.com/wp-content/uploads/Sheet1.png,png,2013-06-25 14:27:28,4079
IdAM - Vendor / Product Matrix,https://www.mandsconsulting.com/wp-content/uploads/Sheet11.png,png,2013-06-25 14:30:17,4080
IdAM Vendor / Product Matrix,https://www.mandsconsulting.com/wp-content/uploads/Sheet111.png,png,2013-06-25 14:32:51,4081
IdAM Vendor / Product Matrix,https://www.mandsconsulting.com/wp-content/uploads/Sheet12.png,png,2013-06-25 14:36:17,4084
IdAM Vendor / Product Matrix,https://www.mandsconsulting.com/wp-content/uploads/Sheet121.png,png,2013-06-25 14:38:06,4085
IdAM_Vendor_Product_Matrix,https://www.mandsconsulting.com/wp-content/uploads/IdAM_Vendor_Product_Matrix.png,png,2013-06-25 14:47:01,4086
8-6-2013 9-20-58 AM,https://www.mandsconsulting.com/wp-content/uploads/8-6-2013-9-20-58-AM.png,png,2013-08-06 09:21:15,4127
2,https://www.mandsconsulting.com/wp-content/uploads/2.png,png,2013-08-06 09:24:10,4129
3,https://www.mandsconsulting.com/wp-content/uploads/3.png,png,2013-08-06 09:37:15,4140
4.5,https://www.mandsconsulting.com/wp-content/uploads/4.5.png,png,2013-08-06 09:40:46,4145
4,https://www.mandsconsulting.com/wp-content/uploads/4.png,png,2013-08-06 09:40:47,4146
5,https://www.mandsconsulting.com/wp-content/uploads/5.png,png,2013-08-06 09:44:07,4150
6,https://www.mandsconsulting.com/wp-content/uploads/6.png,png,2013-08-06 09:45:05,4151
7,https://www.mandsconsulting.com/wp-content/uploads/7.png,png,2013-08-06 09:51:23,4158
7.5,https://www.mandsconsulting.com/wp-content/uploads/7.5.png,png,2013-08-06 09:52:26,4159
8,https://www.mandsconsulting.com/wp-content/uploads/8.png,png,2013-08-06 09:54:22,4162
9,https://www.mandsconsulting.com/wp-content/uploads/9.png,png,2013-08-06 09:56:53,4165
11,https://www.mandsconsulting.com/wp-content/uploads/11.png,png,2013-08-06 09:58:29,4167
12,https://www.mandsconsulting.com/wp-content/uploads/12.png,png,2013-08-06 10:00:48,4168
1,https://www.mandsconsulting.com/wp-content/uploads/1.png,png,2013-08-06 10:24:53,4182
MS,https://www.mandsconsulting.com/wp-content/uploads/MS.png,png,2013-08-09 15:35:02,4199
apex,https://www.mandsconsulting.com/wp-content/uploads/apex.png,png,2013-08-14 08:48:57,4284
OBIEE_Configuration_Error,https://www.mandsconsulting.com/wp-content/uploads/OBIEE_Configuration_Error.png,png,2013-08-23 15:03:05,4302
OBIEE bi_init.bat Permissions,https://www.mandsconsulting.com/wp-content/uploads/OBIEE_BI_INIT_Permissions.png,png,2013-08-23 15:54:24,4304
OBIEE bi_init.bat Contents,https://www.mandsconsulting.com/wp-content/uploads/OBIEE_BI_INIT_Contents.png,png,2013-08-23 15:59:26,4305
OBIEE Configuration Error,https://www.mandsconsulting.com/wp-content/uploads/OBIEE_Configuration_Error1.png,png,2013-08-23 16:04:19,4309
OBIEE bi_init.bat Fixed,https://www.mandsconsulting.com/wp-content/uploads/OBIEE_BI_INIT_Fixed.png,png,2013-08-23 16:26:34,4310
ResourceMap,https://www.mandsconsulting.com/wp-content/uploads/ResourceMap.png,png,2013-08-23 17:06:40,4316
ResourceMap,https://www.mandsconsulting.com/wp-content/uploads/ResourceMap1.png,png,2013-08-23 17:33:20,4318
1,https://www.mandsconsulting.com/wp-content/uploads/13.png,png,2013-08-27 09:53:20,4339
2,https://www.mandsconsulting.com/wp-content/uploads/21.png,png,2013-08-27 09:53:21,4340
3,https://www.mandsconsulting.com/wp-content/uploads/31.png,png,2013-08-27 09:53:22,4341
4,https://www.mandsconsulting.com/wp-content/uploads/41.png,png,2013-08-27 09:53:23,4342
5,https://www.mandsconsulting.com/wp-content/uploads/51.png,png,2013-08-27 09:53:25,4343
6,https://www.mandsconsulting.com/wp-content/uploads/61.png,png,2013-08-27 09:53:27,4344
7,https://www.mandsconsulting.com/wp-content/uploads/71.png,png,2013-08-27 09:53:29,4345
8,https://www.mandsconsulting.com/wp-content/uploads/81.png,png,2013-08-27 09:53:30,4346
9,https://www.mandsconsulting.com/wp-content/uploads/91.png,png,2013-08-27 09:53:31,4347
In Step5,https://www.mandsconsulting.com/wp-content/uploads/In-Step5.png,png,2013-08-27 09:53:32,4348
Image4,https://www.mandsconsulting.com/wp-content/uploads/Image4.png,png,2013-08-29 15:27:12,4436
Image 3,https://www.mandsconsulting.com/wp-content/uploads/Image-3.png,png,2013-08-29 15:27:14,4437
Image2,https://www.mandsconsulting.com/wp-content/uploads/Image2.png,png,2013-08-29 15:27:16,4438
Image1,https://www.mandsconsulting.com/wp-content/uploads/Image1.png,png,2013-08-29 15:27:18,4439
Intern-Coffee1,https://www.mandsconsulting.com/wp-content/uploads/Intern-Coffee1.jpg,jpg,2013-09-05 08:52:00,4458
Intern-Coffee,https://www.mandsconsulting.com/wp-content/uploads/Intern-Coffee.jpg,jpg,2013-09-05 14:44:59,4464
work_stress,https://www.mandsconsulting.com/wp-content/uploads/work_stress.jpg,jpg,2013-09-05 15:22:02,4473
TEKids-logo-Horiz,https://www.mandsconsulting.com/wp-content/uploads/TEKids-logo-Horiz.png,png,2013-09-09 17:52:59,4477
Marketing-2ndGrade,https://www.mandsconsulting.com/wp-content/uploads/Marketing-2ndGrade.png,png,2013-09-10 14:49:13,4495
Oracle-Apex,https://www.mandsconsulting.com/wp-content/uploads/Oracle-Apex.png,png,2013-09-10 15:08:00,4498
MUSC_Map-Procper,https://www.mandsconsulting.com/wp-content/uploads/MUSC_Map-Procper.png,png,2013-09-11 17:31:57,4509
new1,https://www.mandsconsulting.com/wp-content/uploads/new1.png,png,2013-09-11 19:00:07,4511
old1,https://www.mandsconsulting.com/wp-content/uploads/old1.png,png,2013-09-11 19:00:08,4512
1,https://www.mandsconsulting.com/wp-content/uploads/14.png,png,2013-09-13 10:38:39,4552
2,https://www.mandsconsulting.com/wp-content/uploads/22.png,png,2013-09-13 10:38:42,4553
3,https://www.mandsconsulting.com/wp-content/uploads/32.png,png,2013-09-13 10:38:45,4554
grouping_timeline,https://www.mandsconsulting.com/wp-content/uploads/grouping_timeline.png,png,2013-09-16 17:32:32,4573
CA_Coastline_Timeline,https://www.mandsconsulting.com/wp-content/uploads/CA_Coastline_Timeline.png,png,2013-09-18 11:22:54,4594
png;base646f872c9cdab8bbc3,https://www.mandsconsulting.com/wp-content/uploads/pngbase646f872c9cdab8bbc3.png,png,2013-09-20 15:34:58,4605
png;base6428eba1cde8058509,https://www.mandsconsulting.com/wp-content/uploads/pngbase6428eba1cde8058509.png,png,2013-09-20 15:34:59,4606
png;base64f2b977552c45b9e8,https://www.mandsconsulting.com/wp-content/uploads/pngbase64f2b977552c45b9e8.png,png,2013-09-20 15:35:01,4607
1,https://www.mandsconsulting.com/wp-content/uploads/15.png,png,2013-09-20 17:06:10,4613
2,https://www.mandsconsulting.com/wp-content/uploads/23.png,png,2013-09-20 17:06:12,4614
3,https://www.mandsconsulting.com/wp-content/uploads/33.png,png,2013-09-20 17:06:13,4615
n1,https://www.mandsconsulting.com/wp-content/uploads/n1.png,png,2013-09-22 01:19:51,4626
n2,https://www.mandsconsulting.com/wp-content/uploads/n2.png,png,2013-09-22 01:19:54,4627
n3,https://www.mandsconsulting.com/wp-content/uploads/n3.png,png,2013-09-22 01:19:56,4628
n4,https://www.mandsconsulting.com/wp-content/uploads/n4.png,png,2013-09-22 01:19:58,4629
o1,https://www.mandsconsulting.com/wp-content/uploads/o1.png,png,2013-09-22 01:19:59,4630
o2,https://www.mandsconsulting.com/wp-content/uploads/o2.png,png,2013-09-22 01:20:01,4631
o3,https://www.mandsconsulting.com/wp-content/uploads/o3.png,png,2013-09-22 01:20:03,4632
o4,https://www.mandsconsulting.com/wp-content/uploads/o4.png,png,2013-09-22 01:20:04,4633
n0,https://www.mandsconsulting.com/wp-content/uploads/n0.jpg,jpg,2013-09-22 01:31:10,4634
o0,https://www.mandsconsulting.com/wp-content/uploads/o0.jpg,jpg,2013-09-22 01:31:11,4635
Google Drive App Update Header,https://www.mandsconsulting.com/wp-content/uploads/GoogleDriveAppUpdate-FI.png,png,2013-09-24 11:35:24,4654
IMG4,https://www.mandsconsulting.com/wp-content/uploads/IMG4.png,png,2013-09-24 13:52:29,4663
IMG3,https://www.mandsconsulting.com/wp-content/uploads/IMG3.png,png,2013-09-24 13:52:31,4664
IMG2,https://www.mandsconsulting.com/wp-content/uploads/IMG2.png,png,2013-09-24 13:52:33,4665
IMG1,https://www.mandsconsulting.com/wp-content/uploads/IMG1.png,png,2013-09-24 13:52:35,4666
IMG7,https://www.mandsconsulting.com/wp-content/uploads/IMG7.png,png,2013-09-24 13:52:36,4667
IMG6,https://www.mandsconsulting.com/wp-content/uploads/IMG6.png,png,2013-09-24 13:52:37,4668
IMG5,https://www.mandsconsulting.com/wp-content/uploads/IMG5.png,png,2013-09-24 13:52:38,4669
Salesforce.com Versions,https://www.mandsconsulting.com/wp-content/uploads/SalesforceVersions.png,png,2013-09-26 09:58:03,4683
Oracle APEX 4 Advanced Tutorial 1,https://www.mandsconsulting.com/wp-content/uploads/APEX4-Tut1.png,png,2013-09-26 11:57:02,4689
Exporting Negative Numbers from OBIEE,https://www.mandsconsulting.com/wp-content/uploads/Exporting-Negative-Numbers-from-OBIEE.png,png,2013-09-30 13:56:25,4694
Misleading Statistics,https://www.mandsconsulting.com/wp-content/uploads/Misleading-Statistics.png,png,2013-09-30 15:51:28,4698
APN_Standard Consulting Partner_Dark,https://www.mandsconsulting.com/wp-content/uploads/APN_Standard-Consulting-Partner_Dark.png,png,2013-10-06 16:01:54,4715
APN_Standard Consulting Partner,https://www.mandsconsulting.com/wp-content/uploads/APN_Standard-Consulting-Partner.png,png,2013-10-06 16:01:55,4716
VMW_09Q4_LGO_PARTNER_SOLUTION_PROVIDER_PRO,https://www.mandsconsulting.com/wp-content/uploads/VMW_09Q4_LGO_PARTNER_SOLUTION_PROVIDER_PRO.png,png,2013-10-06 16:04:12,4718
VMW_09Q4_LGO_PARTNER_SOLUTION_PROVIDER_PRO_PRO_REV,https://www.mandsconsulting.com/wp-content/uploads/VMW_09Q4_LGO_PARTNER_SOLUTION_PROVIDER_PRO_PRO_REV.png,png,2013-10-06 16:04:13,4719
Cloud_Alliance_Partner_rgb,https://www.mandsconsulting.com/wp-content/uploads/Cloud_Alliance_Partner_rgb.png,png,2013-10-06 20:51:23,4725
Career Fairs – The Other Side of the Table,https://www.mandsconsulting.com/wp-content/uploads/CareerFair.png,png,2013-10-07 15:43:01,4738
M&S Window,https://www.mandsconsulting.com/wp-content/uploads/MS-Window-1liner.jpg,jpg,2013-10-08 09:44:28,4746
Internships-Page,https://www.mandsconsulting.com/wp-content/uploads/Internships-Page.png,png,2013-10-09 12:42:40,4777
CareerFairs,https://www.mandsconsulting.com/wp-content/uploads/CareerFairs.png,png,2013-10-09 17:19:35,4790
Happy Ada Lovelace Day,https://www.mandsconsulting.com/wp-content/uploads/AdaLovelace-Day.png,png,2013-10-16 10:11:26,4810
2013-10-17_1316,https://www.mandsconsulting.com/wp-content/uploads/2013-10-17_1316.png,png,2013-10-17 13:26:32,4817
2013-10-17_1415,https://www.mandsconsulting.com/wp-content/uploads/2013-10-17_1415.png,png,2013-10-17 14:15:19,4822
Windows 8.1,https://www.mandsconsulting.com/wp-content/uploads/Windows8-1.png,png,2013-10-17 17:55:49,4833
Fixing the Configuration Error in the Oracle BI (OBIEE) Administration Tool on 64-bit Windows 7,https://www.mandsconsulting.com/wp-content/uploads/FixingTheConfigurationError.png,png,2013-10-21 09:50:51,4836
Image12-P3,https://www.mandsconsulting.com/wp-content/uploads/Image12-P3.png,png,2013-10-30 12:29:16,4862
Image11-P3,https://www.mandsconsulting.com/wp-content/uploads/Image11-P3.png,png,2013-10-30 12:29:18,4863
Image10-P3,https://www.mandsconsulting.com/wp-content/uploads/Image10-P3.png,png,2013-10-30 12:29:19,4864
Image9-P3,https://www.mandsconsulting.com/wp-content/uploads/Image9-P3.png,png,2013-10-30 12:29:20,4865
Image8-P3,https://www.mandsconsulting.com/wp-content/uploads/Image8-P3.png,png,2013-10-30 12:29:22,4866
Image7-P3,https://www.mandsconsulting.com/wp-content/uploads/Image7-P3.png,png,2013-10-30 12:29:23,4867
Image6-P3,https://www.mandsconsulting.com/wp-content/uploads/Image6-P3.png,png,2013-10-30 12:29:24,4868
Image5-P3,https://www.mandsconsulting.com/wp-content/uploads/Image5-P3.png,png,2013-10-30 12:29:26,4869
Image4-P3,https://www.mandsconsulting.com/wp-content/uploads/Image4-P3.png,png,2013-10-30 12:29:27,4870
Image3-P3,https://www.mandsconsulting.com/wp-content/uploads/Image3-P3.png,png,2013-10-30 12:29:28,4871
Image2-P3,https://www.mandsconsulting.com/wp-content/uploads/Image2-P3.png,png,2013-10-30 12:29:29,4872
Image1-P3,https://www.mandsconsulting.com/wp-content/uploads/Image1-P3.png,png,2013-10-30 12:29:30,4873
Image14-P3,https://www.mandsconsulting.com/wp-content/uploads/Image14-P3.png,png,2013-10-30 12:29:31,4874
Image13-P3,https://www.mandsconsulting.com/wp-content/uploads/Image13-P3.png,png,2013-10-30 12:29:32,4875
Image3-P4,https://www.mandsconsulting.com/wp-content/uploads/Image3-P4.png,png,2013-10-30 15:56:41,4884
Image2-P4,https://www.mandsconsulting.com/wp-content/uploads/Image2-P4.png,png,2013-10-30 15:56:44,4885
Image1-P4,https://www.mandsconsulting.com/wp-content/uploads/Image1-P4.png,png,2013-10-30 15:56:45,4886
Image5-P4,https://www.mandsconsulting.com/wp-content/uploads/Image5-P4.png,png,2013-10-30 15:56:47,4887
Image4-P4,https://www.mandsconsulting.com/wp-content/uploads/Image4-P4.png,png,2013-10-30 15:56:48,4888
screenshotofGAL,https://www.mandsconsulting.com/wp-content/uploads/screenshot of GAL.jpg,jpg,2013-11-05 15:48:57,4904
settings,https://www.mandsconsulting.com/wp-content/uploads/settings.jpg,jpg,2013-11-05 15:48:52,4905
img3,https://www.mandsconsulting.com/wp-content/uploads/img3.png,png,2013-11-05 18:19:59,4920
img2,https://www.mandsconsulting.com/wp-content/uploads/img2.png,png,2013-11-05 18:20:04,4921
img1,https://www.mandsconsulting.com/wp-content/uploads/img1.png,png,2013-11-05 18:20:06,4923
img4,https://www.mandsconsulting.com/wp-content/uploads/img4.png,png,2013-11-05 18:20:11,4924
Earth and Moon,https://www.mandsconsulting.com/wp-content/uploads/Earth-and-Moon.jpg,jpg,2013-11-06 11:18:17,4929
GlobalField-OBIEE-11g,https://www.mandsconsulting.com/wp-content/uploads/GlobalField-OBIEE-11g.png,png,2013-11-06 11:22:51,4931
openstack logo,https://www.mandsconsulting.com/wp-content/uploads/openstack-cloud-software-vertical-small.png,png,2013-11-06 16:40:19,4936
AWS APN Partner,https://www.mandsconsulting.com/wp-content/uploads/APN_Standard-Consulting-Partner-200x861.png,png,2013-11-06 16:49:32,4938
VMware Professional Solution Provider,https://www.mandsconsulting.com/wp-content/uploads/VMW_09Q4_LGO_PARTNER_SOLUTION_PROVIDER_PRO_PRO_REV-200x1471.png,png,2013-11-06 16:49:38,4939
Image6,https://www.mandsconsulting.com/wp-content/uploads/Image6.png,png,2013-11-11 16:18:05,4956
Image5,https://www.mandsconsulting.com/wp-content/uploads/Image5.png,png,2013-11-11 16:18:06,4957
Image4,https://www.mandsconsulting.com/wp-content/uploads/Image41.png,png,2013-11-11 16:18:07,4958
Image3,https://www.mandsconsulting.com/wp-content/uploads/Image3.png,png,2013-11-11 16:18:09,4959
Image2,https://www.mandsconsulting.com/wp-content/uploads/Image21.png,png,2013-11-11 16:18:10,4960
Image1,https://www.mandsconsulting.com/wp-content/uploads/Image11.png,png,2013-11-11 16:18:12,4961
Image8,https://www.mandsconsulting.com/wp-content/uploads/Image8.png,png,2013-11-11 16:18:13,4962
Image7,https://www.mandsconsulting.com/wp-content/uploads/Image7.png,png,2013-11-11 16:18:15,4963
docker-logo,https://www.mandsconsulting.com/wp-content/uploads/homepage-docker-logo-e1384356740557.png,png,2013-11-12 22:23:52,4982
docker-top-logo,https://www.mandsconsulting.com/wp-content/uploads/docker-top-logo.png,png,2013-11-13 11:45:43,4994
OBIEE- Analysis_Report-f,https://www.mandsconsulting.com/wp-content/uploads/OBIEE-Analysis_Report-f.png,png,2013-11-14 11:58:34,5005
OBIEE- Analysis_Report-P,https://www.mandsconsulting.com/wp-content/uploads/OBIEE-Analysis_Report-P.png,png,2013-11-14 11:58:36,5006
Dashboard-Promt-Switch-F,https://www.mandsconsulting.com/wp-content/uploads/Dashboard-Promt-Switch-F.png,png,2013-11-14 16:27:39,5015
Dashboard-Promt-Switch-P,https://www.mandsconsulting.com/wp-content/uploads/Dashboard-Promt-Switch-P.png,png,2013-11-14 16:27:41,5016
img7,https://www.mandsconsulting.com/wp-content/uploads/img7.png,png,2013-11-14 18:14:22,5019
img6,https://www.mandsconsulting.com/wp-content/uploads/img6.png,png,2013-11-14 18:14:24,5020
img5,https://www.mandsconsulting.com/wp-content/uploads/img5.png,png,2013-11-14 18:14:25,5021
img4,https://www.mandsconsulting.com/wp-content/uploads/img41.png,png,2013-11-14 18:14:26,5022
img3,https://www.mandsconsulting.com/wp-content/uploads/img31.png,png,2013-11-14 18:14:28,5023
img2,https://www.mandsconsulting.com/wp-content/uploads/img21.png,png,2013-11-14 18:14:29,5024
img1,https://www.mandsconsulting.com/wp-content/uploads/img11.png,png,2013-11-14 18:14:32,5025
img12,https://www.mandsconsulting.com/wp-content/uploads/img12.png,png,2013-11-14 18:14:34,5026
img11,https://www.mandsconsulting.com/wp-content/uploads/img111.png,png,2013-11-14 18:14:36,5027
img10,https://www.mandsconsulting.com/wp-content/uploads/img10.png,png,2013-11-14 18:14:38,5028
img9,https://www.mandsconsulting.com/wp-content/uploads/img9.png,png,2013-11-14 18:14:40,5029
img8,https://www.mandsconsulting.com/wp-content/uploads/img8.png,png,2013-11-14 18:14:43,5030
img6,https://www.mandsconsulting.com/wp-content/uploads/img61.png,png,2013-11-15 09:24:03,5032
img5,https://www.mandsconsulting.com/wp-content/uploads/img51.png,png,2013-11-15 09:24:05,5033
img4,https://www.mandsconsulting.com/wp-content/uploads/img42.png,png,2013-11-15 09:24:06,5034
img3,https://www.mandsconsulting.com/wp-content/uploads/img32.png,png,2013-11-15 09:24:07,5035
img2,https://www.mandsconsulting.com/wp-content/uploads/img22.png,png,2013-11-15 09:24:08,5036
img1,https://www.mandsconsulting.com/wp-content/uploads/img13.png,png,2013-11-15 09:24:10,5037
img12,https://www.mandsconsulting.com/wp-content/uploads/img121.png,png,2013-11-15 09:24:11,5038
img11,https://www.mandsconsulting.com/wp-content/uploads/img112.png,png,2013-11-15 09:24:12,5039
img10,https://www.mandsconsulting.com/wp-content/uploads/img101.png,png,2013-11-15 09:24:14,5040
img9,https://www.mandsconsulting.com/wp-content/uploads/img91.png,png,2013-11-15 09:24:15,5041
img8,https://www.mandsconsulting.com/wp-content/uploads/img81.png,png,2013-11-15 09:24:16,5042
img7,https://www.mandsconsulting.com/wp-content/uploads/img71.png,png,2013-11-15 09:24:17,5043
ReclaimingTableMemory-F,https://www.mandsconsulting.com/wp-content/uploads/ReclaimingTableMemory-F.png,png,2013-11-15 15:14:54,5051
ReclaimingTableMemory-P,https://www.mandsconsulting.com/wp-content/uploads/ReclaimingTableMemory-P.png,png,2013-11-15 15:14:56,5052
NoRowsReturned-F,https://www.mandsconsulting.com/wp-content/uploads/NoRowsReturned-F.png,png,2013-11-15 15:37:46,5054
NoRowsReturned-P,https://www.mandsconsulting.com/wp-content/uploads/NoRowsReturned-P.png,png,2013-11-15 15:37:47,5055
WP-OnAWS-F,https://www.mandsconsulting.com/wp-content/uploads/WP-OnAWS-F.png,png,2013-11-15 15:50:43,5057
WP-OnAWS-P,https://www.mandsconsulting.com/wp-content/uploads/WP-OnAWS-P.png,png,2013-11-15 15:50:45,5058
IMG1,https://www.mandsconsulting.com/wp-content/uploads/IMG11.png,png,2013-11-21 12:37:23,5080
IMG2,https://www.mandsconsulting.com/wp-content/uploads/IMG21.png,png,2013-11-21 12:37:25,5081
img1,https://www.mandsconsulting.com/wp-content/uploads/img14.png,png,2013-11-22 12:41:41,5085
img2,https://www.mandsconsulting.com/wp-content/uploads/img23.png,png,2013-11-22 12:41:43,5086
img3,https://www.mandsconsulting.com/wp-content/uploads/img33.png,png,2013-11-22 12:41:45,5087
img4,https://www.mandsconsulting.com/wp-content/uploads/img43.png,png,2013-11-22 12:41:47,5088
img5,https://www.mandsconsulting.com/wp-content/uploads/img52.png,png,2013-11-22 12:41:48,5089
img6,https://www.mandsconsulting.com/wp-content/uploads/img62.png,png,2013-11-22 12:41:49,5090
img7,https://www.mandsconsulting.com/wp-content/uploads/img72.png,png,2013-11-22 12:41:51,5091
img8,https://www.mandsconsulting.com/wp-content/uploads/img82.png,png,2013-11-22 12:41:52,5092
img9,https://www.mandsconsulting.com/wp-content/uploads/img92.png,png,2013-11-22 12:41:53,5093
img10,https://www.mandsconsulting.com/wp-content/uploads/img102.png,png,2013-11-22 12:41:55,5094
img11,https://www.mandsconsulting.com/wp-content/uploads/img113.png,png,2013-11-22 12:41:56,5095
img12,https://www.mandsconsulting.com/wp-content/uploads/img122.png,png,2013-11-22 12:41:58,5096
img8a,https://www.mandsconsulting.com/wp-content/uploads/img8a.png,png,2013-11-22 16:42:12,5099
img9,https://www.mandsconsulting.com/wp-content/uploads/img93.png,png,2013-11-22 16:42:14,5100
img10,https://www.mandsconsulting.com/wp-content/uploads/img103.png,png,2013-11-22 16:42:16,5101
img11,https://www.mandsconsulting.com/wp-content/uploads/img114.png,png,2013-11-22 16:42:17,5102
img1,https://www.mandsconsulting.com/wp-content/uploads/img15.png,png,2013-11-22 16:42:19,5103
img2,https://www.mandsconsulting.com/wp-content/uploads/img24.png,png,2013-11-22 16:42:21,5104
img3,https://www.mandsconsulting.com/wp-content/uploads/img34.png,png,2013-11-22 16:42:22,5105
img4,https://www.mandsconsulting.com/wp-content/uploads/img44.png,png,2013-11-22 16:42:24,5106
img5,https://www.mandsconsulting.com/wp-content/uploads/img53.png,png,2013-11-22 16:42:25,5107
img6,https://www.mandsconsulting.com/wp-content/uploads/img63.png,png,2013-11-22 16:42:26,5108
img7,https://www.mandsconsulting.com/wp-content/uploads/img73.png,png,2013-11-22 16:42:27,5109
img8,https://www.mandsconsulting.com/wp-content/uploads/img83.png,png,2013-11-22 16:42:29,5110
Opatch1,https://www.mandsconsulting.com/wp-content/uploads/Opatch1.png,png,2013-11-25 11:57:18,5115
Opatch2,https://www.mandsconsulting.com/wp-content/uploads/Opatch2.png,png,2013-11-25 11:58:43,5116
Opatch3,https://www.mandsconsulting.com/wp-content/uploads/Opatch3.png,png,2013-11-25 11:59:51,5117
Opatch4,https://www.mandsconsulting.com/wp-content/uploads/Opatch4.png,png,2013-11-25 12:05:58,5120
Opatch5,https://www.mandsconsulting.com/wp-content/uploads/Opatch5.png,png,2013-11-25 12:08:16,5121
Version-Numbers-F,https://www.mandsconsulting.com/wp-content/uploads/Version-Numbers-F.png,png,2013-11-25 16:13:14,5132
Version-Numbers-P,https://www.mandsconsulting.com/wp-content/uploads/Version-Numbers-P.png,png,2013-11-25 16:13:16,5133
SF-1-F,https://www.mandsconsulting.com/wp-content/uploads/SF-1-F.png,png,2013-11-25 16:20:34,5136
SF-1-P,https://www.mandsconsulting.com/wp-content/uploads/SF-1-P.png,png,2013-11-25 16:20:36,5137
hosts_blog,https://www.mandsconsulting.com/wp-content/uploads/hosts_blog.png,png,2013-12-02 15:16:37,5166
hosts_blog_2,https://www.mandsconsulting.com/wp-content/uploads/hosts_blog_2.png,png,2013-12-02 15:16:39,5167
hosts_blog_3,https://www.mandsconsulting.com/wp-content/uploads/hosts_blog_3.png,png,2013-12-02 15:16:40,5168
hosts_blog_4,https://www.mandsconsulting.com/wp-content/uploads/hosts_blog_4.png,png,2013-12-02 15:16:41,5169
hosts_blog_5,https://www.mandsconsulting.com/wp-content/uploads/hosts_blog_5.png,png,2013-12-02 15:16:43,5170
hosts_blog_6,https://www.mandsconsulting.com/wp-content/uploads/hosts_blog_6.png,png,2013-12-02 15:16:44,5171
hosts_blog_7,https://www.mandsconsulting.com/wp-content/uploads/hosts_blog_7.png,png,2013-12-02 15:16:46,5172
hosts_blog_8,https://www.mandsconsulting.com/wp-content/uploads/hosts_blog_8.png,png,2013-12-02 15:16:47,5173
hosts_blog_9,https://www.mandsconsulting.com/wp-content/uploads/hosts_blog_9.png,png,2013-12-02 15:16:48,5174
hosts_blog_10,https://www.mandsconsulting.com/wp-content/uploads/hosts_blog_10.png,png,2013-12-02 15:16:50,5175
hosts_table,https://www.mandsconsulting.com/wp-content/uploads/hosts_table.png,png,2013-12-02 15:36:29,5186
hosts_blog,https://www.mandsconsulting.com/wp-content/uploads/hosts_blog1.png,png,2013-12-02 15:37:09,5187
hosts_blog_2,https://www.mandsconsulting.com/wp-content/uploads/hosts_blog_21.png,png,2013-12-02 15:37:10,5188
hosts_blog_3,https://www.mandsconsulting.com/wp-content/uploads/hosts_blog_31.png,png,2013-12-02 15:37:11,5189
hosts_blog_4,https://www.mandsconsulting.com/wp-content/uploads/hosts_blog_41.png,png,2013-12-02 15:37:13,5190
hosts_blog_5,https://www.mandsconsulting.com/wp-content/uploads/hosts_blog_51.png,png,2013-12-02 15:37:14,5191
hosts_blog_6,https://www.mandsconsulting.com/wp-content/uploads/hosts_blog_61.png,png,2013-12-02 15:37:17,5192
hosts_blog_7,https://www.mandsconsulting.com/wp-content/uploads/hosts_blog_71.png,png,2013-12-02 15:37:21,5193
hosts_blog_8,https://www.mandsconsulting.com/wp-content/uploads/hosts_blog_81.png,png,2013-12-02 15:37:24,5194
hosts_blog_9,https://www.mandsconsulting.com/wp-content/uploads/hosts_blog_91.png,png,2013-12-02 15:37:27,5195
hosts_blog_10,https://www.mandsconsulting.com/wp-content/uploads/hosts_blog_101.png,png,2013-12-02 15:37:32,5196
Rule1-SFDC-F,https://www.mandsconsulting.com/wp-content/uploads/Rule1-SFDC-F.png,png,2013-12-03 12:43:34,5223
Rule1-SFDC-P,https://www.mandsconsulting.com/wp-content/uploads/Rule1-SFDC-P.png,png,2013-12-03 12:43:36,5224
Drilldown1-F,https://www.mandsconsulting.com/wp-content/uploads/Drilldown1-F.png,png,2013-12-03 18:35:14,5237
Drilldown1-P,https://www.mandsconsulting.com/wp-content/uploads/Drilldown1-P.png,png,2013-12-03 18:35:16,5238
SpiralStairs-F,https://www.mandsconsulting.com/wp-content/uploads/SpiralStairs-F.png,png,2013-12-03 18:57:45,5239
SpiralStairs-P,https://www.mandsconsulting.com/wp-content/uploads/SpiralStairs-P.png,png,2013-12-03 18:57:47,5240
DashboardPromtButton-F,https://www.mandsconsulting.com/wp-content/uploads/DashboardPromtButton-F.jpg,jpg,2013-12-04 18:25:53,5246
DashboardPromtButton-P,https://www.mandsconsulting.com/wp-content/uploads/DashboardPromtButton-P.jpg,jpg,2013-12-04 18:25:54,5247
ColumnVPrompt-F,https://www.mandsconsulting.com/wp-content/uploads/ColumnVPrompt-F.png,png,2013-12-05 11:48:44,5250
ColumnVPrompt-P,https://www.mandsconsulting.com/wp-content/uploads/ColumnVPrompt-P.png,png,2013-12-05 11:48:51,5251
CloudControl-Host-F,https://www.mandsconsulting.com/wp-content/uploads/CloudControl-Host-F.png,png,2013-12-05 12:05:29,5253
CloudControl-Host-P,https://www.mandsconsulting.com/wp-content/uploads/CloudControl-Host-P.png,png,2013-12-05 12:05:41,5254
AdvancedFiltering-F,https://www.mandsconsulting.com/wp-content/uploads/AdvancedFiltering-F.png,png,2013-12-05 12:29:44,5258
AdvancedFiltering-P,https://www.mandsconsulting.com/wp-content/uploads/AdvancedFiltering-P.jpg,jpg,2013-12-05 12:29:51,5259
DashboardPrompt-F,https://www.mandsconsulting.com/wp-content/uploads/DashboardPrompt-F.jpg,jpg,2013-12-05 13:11:42,5263
DashboardPrompt-P,https://www.mandsconsulting.com/wp-content/uploads/DashboardPrompt-P.jpg,jpg,2013-12-05 13:11:50,5264
ala,https://www.mandsconsulting.com/wp-content/uploads/ala1.zip,zip,2013-12-05 13:25:25,5266
zfsvolumecreationCROP,https://www.mandsconsulting.com/wp-content/uploads/zfsvolumecreationCROP.png,png,2013-12-14 16:37:04,5321
extentCROP,https://www.mandsconsulting.com/wp-content/uploads/extentCROP.png,png,2013-12-14 16:37:05,5322
targetCROP,https://www.mandsconsulting.com/wp-content/uploads/targetCROP.png,png,2013-12-14 16:37:06,5323
initiatorCROP,https://www.mandsconsulting.com/wp-content/uploads/initiatorCROP.png,png,2013-12-14 16:37:08,5324
portalCROP,https://www.mandsconsulting.com/wp-content/uploads/portalCROP.png,png,2013-12-14 16:37:09,5325
extentTargetAssociationCROP,https://www.mandsconsulting.com/wp-content/uploads/extentTargetAssociationCROP.png,png,2013-12-14 16:37:10,5326
4tbdevicevsphereCROP,https://www.mandsconsulting.com/wp-content/uploads/4tbdevicevsphereCROP.png,png,2013-12-14 16:37:11,5327
blankDevicevsphereCROP,https://www.mandsconsulting.com/wp-content/uploads/blankDevicevsphereCROP.png,png,2013-12-14 16:37:12,5328
zvol,https://www.mandsconsulting.com/wp-content/uploads/Capture.png,png,2013-12-14 17:41:03,5331
vmwareiscsiblank,https://www.mandsconsulting.com/wp-content/uploads/vmwareiscsiblank.png,png,2013-12-14 18:08:46,5332
deviceunattached,https://www.mandsconsulting.com/wp-content/uploads/deviceunattached.png,png,2013-12-14 18:16:12,5333
Chef-Cookbook-F,https://www.mandsconsulting.com/wp-content/uploads/Chef-Cookbook-F.png,png,2013-12-19 17:36:10,5362
Chef-Cookbook-P,https://www.mandsconsulting.com/wp-content/uploads/Chef-Cookbook-P.png,png,2013-12-19 17:36:13,5363
Deployment-F,https://www.mandsconsulting.com/wp-content/uploads/Deployment-F.png,png,2013-12-19 18:08:47,5364
Deployment-P,https://www.mandsconsulting.com/wp-content/uploads/Deployment-P.png,png,2013-12-19 18:08:50,5365
html1,https://www.mandsconsulting.com/wp-content/uploads/html1.png,png,2013-12-31 12:50:23,5377
html2,https://www.mandsconsulting.com/wp-content/uploads/html2.png,png,2013-12-31 12:50:25,5378
html3,https://www.mandsconsulting.com/wp-content/uploads/html3.png,png,2013-12-31 12:50:26,5379
html4,https://www.mandsconsulting.com/wp-content/uploads/html4.png,png,2013-12-31 12:50:28,5380
html5,https://www.mandsconsulting.com/wp-content/uploads/html5.png,png,2013-12-31 12:50:29,5381
html6,https://www.mandsconsulting.com/wp-content/uploads/html6.png,png,2013-12-31 12:50:31,5382
html7,https://www.mandsconsulting.com/wp-content/uploads/html7.png,png,2013-12-31 12:50:32,5383
html8,https://www.mandsconsulting.com/wp-content/uploads/html8.png,png,2013-12-31 12:50:34,5384
html9,https://www.mandsconsulting.com/wp-content/uploads/html9.png,png,2013-12-31 12:50:35,5385
html10,https://www.mandsconsulting.com/wp-content/uploads/html10.png,png,2013-12-31 12:50:37,5386
html11,https://www.mandsconsulting.com/wp-content/uploads/html11.png,png,2013-12-31 12:50:39,5387
html1,https://www.mandsconsulting.com/wp-content/uploads/html12.png,png,2013-12-31 12:57:29,5395
html2,https://www.mandsconsulting.com/wp-content/uploads/html21.png,png,2013-12-31 12:57:31,5396
html3,https://www.mandsconsulting.com/wp-content/uploads/html31.png,png,2013-12-31 12:57:33,5397
html4,https://www.mandsconsulting.com/wp-content/uploads/html41.png,png,2013-12-31 12:57:34,5398
html5,https://www.mandsconsulting.com/wp-content/uploads/html51.png,png,2013-12-31 12:57:36,5399
html6,https://www.mandsconsulting.com/wp-content/uploads/html61.png,png,2013-12-31 12:57:38,5400
html7,https://www.mandsconsulting.com/wp-content/uploads/html71.png,png,2013-12-31 12:57:39,5401
html8,https://www.mandsconsulting.com/wp-content/uploads/html81.png,png,2013-12-31 12:57:41,5402
html9,https://www.mandsconsulting.com/wp-content/uploads/html91.png,png,2013-12-31 12:57:42,5403
html10,https://www.mandsconsulting.com/wp-content/uploads/html101.png,png,2013-12-31 12:57:43,5404
html11,https://www.mandsconsulting.com/wp-content/uploads/html111.png,png,2013-12-31 12:57:45,5405
OBIEE HTML Customization F,https://www.mandsconsulting.com/wp-content/uploads/OBIEE-HTMLcustomization-F.png,png,2014-01-07 11:52:09,5432
OBIEE HTML Customization P,https://www.mandsconsulting.com/wp-content/uploads/OBIEE-HTMLcustomization-P.png,png,2014-01-07 11:52:12,5433
Salesforce-Delayed-2014-F,https://www.mandsconsulting.com/wp-content/uploads/Salesforce-Delayed-2014-F.png,png,2014-01-13 11:26:30,5450
Salesforce-Delayed-2014-P,https://www.mandsconsulting.com/wp-content/uploads/Salesforce-Delayed-2014-P.png,png,2014-01-13 11:26:32,5451
2014-01-16 15_23_02-Program Manager,https://www.mandsconsulting.com/wp-content/uploads/2014-01-16-15_23_02-Program-Manager.png,png,2014-01-16 16:43:07,5462
2014-01-16 15_23_38-Program Manager,https://www.mandsconsulting.com/wp-content/uploads/2014-01-16-15_23_38-Program-Manager.png,png,2014-01-16 16:43:09,5463
2014-01-16 15_24_38-Program Manager,https://www.mandsconsulting.com/wp-content/uploads/2014-01-16-15_24_38-Program-Manager.png,png,2014-01-16 16:43:10,5464
2014-01-16 15_26_36-Program Manager,https://www.mandsconsulting.com/wp-content/uploads/2014-01-16-15_26_36-Program-Manager.png,png,2014-01-16 16:43:12,5465
2014-01-16 15_27_01-Program Manager,https://www.mandsconsulting.com/wp-content/uploads/2014-01-16-15_27_01-Program-Manager.png,png,2014-01-16 16:43:13,5466
2014-01-16 15_29_52-Program Manager,https://www.mandsconsulting.com/wp-content/uploads/2014-01-16-15_29_52-Program-Manager.png,png,2014-01-16 16:43:17,5467
2014-01-16 15_31_10-Program Manager,https://www.mandsconsulting.com/wp-content/uploads/2014-01-16-15_31_10-Program-Manager.png,png,2014-01-16 16:43:18,5468
2014-01-16 15_41_40-Administrator_ Start Database - sqlplus,https://www.mandsconsulting.com/wp-content/uploads/2014-01-16-15_41_40-Administrator_-Start-Database-sqlplus.png,png,2014-01-16 16:43:20,5469
2014-01-16 14_47_10-Oracle Downloads _ Software _ Oracle,https://www.mandsconsulting.com/wp-content/uploads/2014-01-16-14_47_10-Oracle-Downloads-_-Software-_-Oracle.png,png,2014-01-16 16:43:22,5470
2014-01-16 14_47_10-Oracle Downloads _ Software _ Oracle,https://www.mandsconsulting.com/wp-content/uploads/2014-01-16-14_47_10-Oracle-Downloads-_-Software-_-Oracle1.png,png,2014-01-16 17:22:17,5480
2014-01-16 14_47_10-Oracle Downloads _ Software _ Oracle,https://www.mandsconsulting.com/wp-content/uploads/2014-01-16-14_47_10-Oracle-Downloads-_-Software-_-Oracle2.png,png,2014-01-16 18:23:46,5490
2014-01-16 15_23_02-Program Manager,https://www.mandsconsulting.com/wp-content/uploads/2014-01-16-15_23_02-Program-Manager1.png,png,2014-01-16 18:23:47,5491
2014-01-16 15_23_38-Program Manager,https://www.mandsconsulting.com/wp-content/uploads/2014-01-16-15_23_38-Program-Manager1.png,png,2014-01-16 18:23:49,5492
2014-01-16 15_24_38-Program Manager,https://www.mandsconsulting.com/wp-content/uploads/2014-01-16-15_24_38-Program-Manager1.png,png,2014-01-16 18:23:51,5493
2014-01-16 15_26_36-Program Manager,https://www.mandsconsulting.com/wp-content/uploads/2014-01-16-15_26_36-Program-Manager1.png,png,2014-01-16 18:23:52,5494
2014-01-16 15_27_01-Program Manager,https://www.mandsconsulting.com/wp-content/uploads/2014-01-16-15_27_01-Program-Manager1.png,png,2014-01-16 18:23:54,5495
2014-01-16 15_29_52-Program Manager,https://www.mandsconsulting.com/wp-content/uploads/2014-01-16-15_29_52-Program-Manager1.png,png,2014-01-16 18:23:56,5496
2014-01-16 15_31_10-Program Manager,https://www.mandsconsulting.com/wp-content/uploads/2014-01-16-15_31_10-Program-Manager1.png,png,2014-01-16 18:23:57,5497
2014-01-16 15_41_40-Administrator_ Start Database - sqlplus,https://www.mandsconsulting.com/wp-content/uploads/2014-01-16-15_41_40-Administrator_-Start-Database-sqlplus1.png,png,2014-01-16 18:23:59,5498
2014-01-16 16_26_13-Oracle SQL Developer _ SYSTEM,https://www.mandsconsulting.com/wp-content/uploads/2014-01-16-16_26_13-Oracle-SQL-Developer-_-SYSTEM.png,png,2014-01-16 18:24:00,5499
2014-01-16 16_27_15-Oracle SQL Developer,https://www.mandsconsulting.com/wp-content/uploads/2014-01-16-16_27_15-Oracle-SQL-Developer.png,png,2014-01-16 18:24:02,5500
2014-01-16 16_30_17-Oracle SQL Developer,https://www.mandsconsulting.com/wp-content/uploads/2014-01-16-16_30_17-Oracle-SQL-Developer.png,png,2014-01-16 18:24:04,5501
2014-01-16 16_30_48-Oracle SQL Developer,https://www.mandsconsulting.com/wp-content/uploads/2014-01-16-16_30_48-Oracle-SQL-Developer.png,png,2014-01-16 18:24:05,5502
SharePoint vs SkyDrive-F,https://www.mandsconsulting.com/wp-content/uploads/SharePoint-SkyDrive-F.png,png,2014-02-04 17:12:22,5538
SharePoint-SkyDrive-P,https://www.mandsconsulting.com/wp-content/uploads/SharePoint-SkyDrive-P.png,png,2014-02-04 17:12:25,5539
AutoHotKey-F,https://www.mandsconsulting.com/wp-content/uploads/AutoHotKey-F.png,png,2014-02-05 12:19:18,5541
AutoHotKey-P,https://www.mandsconsulting.com/wp-content/uploads/AutoHotKey-P.png,png,2014-02-05 12:19:21,5542
What-Is-ProjectManagement-F,https://www.mandsconsulting.com/wp-content/uploads/What-Is-ProjectManagement-F.png,png,2014-02-05 13:17:57,5546
What-Is-ProjectManagement-P,https://www.mandsconsulting.com/wp-content/uploads/What-Is-ProjectManagement-P.png,png,2014-02-05 13:17:59,5547
2014-02-05_1456,https://www.mandsconsulting.com/wp-content/uploads/2014-02-05_1456.png,png,2014-02-05 17:24:50,5558
2014-02-05_1457,https://www.mandsconsulting.com/wp-content/uploads/2014-02-05_1457.png,png,2014-02-05 17:24:52,5559
2014-02-05_1457_001,https://www.mandsconsulting.com/wp-content/uploads/2014-02-05_1457_001.png,png,2014-02-05 17:24:54,5560
2014-02-05_1501,https://www.mandsconsulting.com/wp-content/uploads/2014-02-05_1501.png,png,2014-02-05 17:24:56,5561
SFDC-OrgID-Loc,https://www.mandsconsulting.com/wp-content/uploads/SFDC-OrgID-Loc.png,png,2014-02-10 16:21:35,5568
1,https://www.mandsconsulting.com/wp-content/uploads/18.png,png,2014-02-12 14:48:18,5577
Modifying-Caching-Parameters-F,https://www.mandsconsulting.com/wp-content/uploads/Modifying-Caching-Parameters-F.png,png,2014-02-14 16:58:40,5604
Modifying-Caching-Parameters-P,https://www.mandsconsulting.com/wp-content/uploads/Modifying-Caching-Parameters-P.png,png,2014-02-14 16:58:42,5605
PPP-Relationships-F,https://www.mandsconsulting.com/wp-content/uploads/PPP-Relationships-F.png,png,2014-02-19 11:48:13,5606
PPP-Relationships-P,https://www.mandsconsulting.com/wp-content/uploads/PPP-Relationships-P.png,png,2014-02-19 11:48:17,5607
Unlocking-The-HR-F,https://www.mandsconsulting.com/wp-content/uploads/Unlocking-The-HR-F.png,png,2014-02-19 13:03:56,5610
Unlocking-The-HR-P,https://www.mandsconsulting.com/wp-content/uploads/Unlocking-The-HR-P.png,png,2014-02-19 13:03:57,5611
IMG_3168,https://www.mandsconsulting.com/wp-content/uploads/IMG_3168.png,png,2014-02-28 00:06:46,5625
IMG_3169,https://www.mandsconsulting.com/wp-content/uploads/IMG_3169.png,png,2014-02-28 00:06:48,5626
IMG_3170,https://www.mandsconsulting.com/wp-content/uploads/IMG_3170.png,png,2014-02-28 00:06:50,5627
IMG_3171,https://www.mandsconsulting.com/wp-content/uploads/IMG_3171.png,png,2014-02-28 00:06:52,5628
IMG_3172,https://www.mandsconsulting.com/wp-content/uploads/IMG_3172.png,png,2014-02-28 00:06:53,5629
IMG_3174,https://www.mandsconsulting.com/wp-content/uploads/IMG_3174.png,png,2014-02-28 00:06:54,5630
IMG_3175,https://www.mandsconsulting.com/wp-content/uploads/IMG_3175.png,png,2014-02-28 00:06:56,5631
IMG_3178,https://www.mandsconsulting.com/wp-content/uploads/IMG_3178.png,png,2014-02-28 00:06:57,5632
IMG_3179,https://www.mandsconsulting.com/wp-content/uploads/IMG_3179.png,png,2014-02-28 00:06:59,5633
IMG_3181,https://www.mandsconsulting.com/wp-content/uploads/IMG_3181.png,png,2014-02-28 00:07:03,5634
blurred,https://www.mandsconsulting.com/wp-content/uploads/blurred.png,png,2014-02-28 00:29:23,5635
G-Hangouts-v2-F,https://www.mandsconsulting.com/wp-content/uploads/G-Hangouts-v2-F.png,png,2014-02-28 10:35:33,5642
G-Hangouts-v2-P,https://www.mandsconsulting.com/wp-content/uploads/G-Hangouts-v2-P.png,png,2014-02-28 10:35:36,5643
vets100reports,https://www.mandsconsulting.com/wp-content/uploads/vets100reports.png,png,2014-03-05 10:04:07,5659
vets100reports,https://www.mandsconsulting.com/wp-content/uploads/vets100reports1.png,png,2014-03-05 12:01:43,5663
Docker-Meetup-1st-F,https://www.mandsconsulting.com/wp-content/uploads/Docker-Meetup-1st-F.png,png,2014-03-05 12:48:40,5669
Docker-Meetup-1st-P,https://www.mandsconsulting.com/wp-content/uploads/Docker-Meetup-1st-P.png,png,2014-03-05 12:48:43,5670
vets100reports,https://www.mandsconsulting.com/wp-content/uploads/vets100reports2.png,png,2014-03-05 13:57:31,5674
responsibilities,https://www.mandsconsulting.com/wp-content/uploads/responsibilities.png,png,2014-03-05 14:35:10,5683
navigator,https://www.mandsconsulting.com/wp-content/uploads/navigator.png,png,2014-03-05 14:36:15,5684
find profiles,https://www.mandsconsulting.com/wp-content/uploads/find-profiles.png,png,2014-03-05 14:36:46,5685
profile value,https://www.mandsconsulting.com/wp-content/uploads/profile-value.png,png,2014-03-05 14:37:16,5686
Docker-KernelLevelRedundancy-F,https://www.mandsconsulting.com/wp-content/uploads/Docker-KernelLevelRedundancy-F.png,png,2014-03-05 16:35:04,5691
Docker-KernelLevelRedundancy-P,https://www.mandsconsulting.com/wp-content/uploads/Docker-KernelLevelRedundancy-P.png,png,2014-03-05 16:35:08,5692
DirectorySync-iOS-F,https://www.mandsconsulting.com/wp-content/uploads/DirectorySync-iOS-F.png,png,2014-03-06 17:13:10,5697
DirectorySync-iOS-P,https://www.mandsconsulting.com/wp-content/uploads/DirectorySync-iOS-P.png,png,2014-03-06 17:13:12,5698
Salesforce-Slider,https://www.mandsconsulting.com/wp-content/uploads/Salesforce-Slider.png,png,2014-03-07 16:56:06,5701
Applications-Erp-Crm-Ecm,https://www.mandsconsulting.com/wp-content/uploads/Applications-Erp-Crm-Ecm.png,png,2014-03-11 16:11:51,5782
Architecture and Security,https://www.mandsconsulting.com/wp-content/uploads/ArchitectureandSecurity.png,png,2014-03-11 16:11:54,5783
BI and Analytics,https://www.mandsconsulting.com/wp-content/uploads/Bi-Analytics.png,png,2014-03-11 16:11:56,5784
BigData-Databases,https://www.mandsconsulting.com/wp-content/uploads/BigData-Databases.png,png,2014-03-11 16:11:58,5785
BPM and Workflow,https://www.mandsconsulting.com/wp-content/uploads/Bpm-Workflow.png,png,2014-03-11 16:11:59,5786
Cloud and Virtualization,https://www.mandsconsulting.com/wp-content/uploads/Cloud-Virtualization.png,png,2014-03-11 16:12:02,5787
Identity and Access Management,https://www.mandsconsulting.com/wp-content/uploads/Identity-AccessManagement.png,png,2014-03-11 16:12:03,5788
IV&V & QA,https://www.mandsconsulting.com/wp-content/uploads/IVV-QA.png,png,2014-03-11 16:12:05,5789
Microsoft,https://www.mandsconsulting.com/wp-content/uploads/Microsoft.png,png,2014-03-11 16:12:06,5790
Mobile,https://www.mandsconsulting.com/wp-content/uploads/Mobile.png,png,2014-03-11 16:12:08,5791
Open Source,https://www.mandsconsulting.com/wp-content/uploads/OpenSource.png,png,2014-03-11 16:12:10,5792
Oracle,https://www.mandsconsulting.com/wp-content/uploads/Oracle.png,png,2014-03-11 16:12:12,5793
Project Management,https://www.mandsconsulting.com/wp-content/uploads/ProjectManagement.png,png,2014-03-11 16:12:14,5794
SOA and Integration,https://www.mandsconsulting.com/wp-content/uploads/SOA-Integration.png,png,2014-03-11 16:12:17,5795
Web and Portals,https://www.mandsconsulting.com/wp-content/uploads/Web-Portals.png,png,2014-03-11 16:12:19,5796
CAMS-Slick-2014_v1,https://www.mandsconsulting.com/wp-content/uploads/CAMS-Slick-2014_v1.pdf,pdf,2014-03-12 11:36:44,5802
EBS-VETS-100-F,https://www.mandsconsulting.com/wp-content/uploads/EBS-VETS-100-F.png,png,2014-03-14 10:49:36,5818
EBS-VETS-100-P,https://www.mandsconsulting.com/wp-content/uploads/EBS-VETS-100-P.png,png,2014-03-14 10:49:39,5819
Procper B&E Map,https://www.mandsconsulting.com/wp-content/uploads/Power-of-Procper-F.png,png,2014-03-14 12:29:38,5821
Procper B&E Map,https://www.mandsconsulting.com/wp-content/uploads/Power-of-Procper-P.png,png,2014-03-14 12:29:40,5822
force_com-Apex-F,https://www.mandsconsulting.com/wp-content/uploads/force_com-Apex-F.png,png,2014-03-14 17:08:33,5824
force_com-Apex-P,https://www.mandsconsulting.com/wp-content/uploads/force_com-Apex-P.png,png,2014-03-14 17:08:36,5825
force_com-ApexClasses-F,https://www.mandsconsulting.com/wp-content/uploads/force_com-ApexClasses-F.png,png,2014-03-14 17:08:37,5826
force_com-ApexClasses-P,https://www.mandsconsulting.com/wp-content/uploads/force_com-ApexClasses-P.png,png,2014-03-14 17:08:39,5827
force_com-ApexDataTypes-F,https://www.mandsconsulting.com/wp-content/uploads/force_com-ApexDataTypes-F.png,png,2014-03-14 17:08:40,5828
force_com-ApexDataTypes-P,https://www.mandsconsulting.com/wp-content/uploads/force_com-ApexDataTypes-P.png,png,2014-03-14 17:08:43,5829
force_com-SOQL_SOSL-F,https://www.mandsconsulting.com/wp-content/uploads/force_com-SOQL_SOSL-F.png,png,2014-03-14 17:08:45,5830
force_com-SOQL_SOSL-P,https://www.mandsconsulting.com/wp-content/uploads/force_com-SOQL_SOSL-P.png,png,2014-03-14 17:08:48,5831
query criteria 2,https://www.mandsconsulting.com/wp-content/uploads/query-criteria-2.jpg,jpg,2014-03-19 09:49:48,5846
query criteria,https://www.mandsconsulting.com/wp-content/uploads/query-criteria.jpg,jpg,2014-03-19 09:49:50,5847
query results 1,https://www.mandsconsulting.com/wp-content/uploads/query-results-1.jpg,jpg,2014-03-19 09:49:52,5848
query results 2,https://www.mandsconsulting.com/wp-content/uploads/query-results-2.jpg,jpg,2014-03-19 09:49:54,5849
table 1,https://www.mandsconsulting.com/wp-content/uploads/table-1-e1395242787140.jpg,jpg,2014-03-19 11:16:23,5863
table 2,https://www.mandsconsulting.com/wp-content/uploads/table-2-e1395242869392.jpg,jpg,2014-03-19 11:16:26,5864
table 1,https://www.mandsconsulting.com/wp-content/uploads/table-11.jpg,jpg,2014-03-19 13:22:22,5876
table 2,https://www.mandsconsulting.com/wp-content/uploads/table-21.jpg,jpg,2014-03-19 13:22:27,5877
query criteria 1,https://www.mandsconsulting.com/wp-content/uploads/query-criteria-1.jpg,jpg,2014-03-19 13:22:56,5878
query results 1,https://www.mandsconsulting.com/wp-content/uploads/query-results-11.jpg,jpg,2014-03-19 13:23:02,5879
query criteria 2,https://www.mandsconsulting.com/wp-content/uploads/query-criteria-21.jpg,jpg,2014-03-19 13:23:08,5880
query results 2,https://www.mandsconsulting.com/wp-content/uploads/query-results-21.jpg,jpg,2014-03-19 13:23:14,5881
2014-03-20_1638,https://www.mandsconsulting.com/wp-content/uploads/2014-03-20_1638.png,png,2014-03-20 17:03:39,5889
2014-03-20_1632,https://www.mandsconsulting.com/wp-content/uploads/2014-03-20_1632.png,png,2014-03-20 17:03:41,5890
2014-03-20_1625,https://www.mandsconsulting.com/wp-content/uploads/2014-03-20_1625.png,png,2014-03-20 17:03:42,5891
2014-03-20_1623,https://www.mandsconsulting.com/wp-content/uploads/2014-03-20_1623.png,png,2014-03-20 17:03:43,5892
2014-03-20_1620,https://www.mandsconsulting.com/wp-content/uploads/2014-03-20_1620.png,png,2014-03-20 17:03:44,5893
SharePoint-SyncError-F,https://www.mandsconsulting.com/wp-content/uploads/SharePoint-SyncError-F.png,png,2014-04-02 15:53:25,5915
SharePoint-SyncError-P,https://www.mandsconsulting.com/wp-content/uploads/SharePoint-SyncError-P.png,png,2014-04-02 15:53:27,5916
Project-Sponser-Role-F,https://www.mandsconsulting.com/wp-content/uploads/Project-Sponser-Role-F.png,png,2014-04-11 17:12:48,5941
Project-Sponser-Role-P,https://www.mandsconsulting.com/wp-content/uploads/Project-Sponser-Role-P.png,png,2014-04-11 17:12:50,5942
vdptabs,https://www.mandsconsulting.com/wp-content/uploads/vdptabs.png,png,2014-04-17 21:19:26,5952
vdpApplianceConfiguration,https://www.mandsconsulting.com/wp-content/uploads/vdpApplianceConfiguration.png,png,2014-04-17 21:19:27,5953
vdpaLicense,https://www.mandsconsulting.com/wp-content/uploads/vdpaLicense.png,png,2014-04-17 21:19:29,5954
main-menu-error,https://www.mandsconsulting.com/wp-content/uploads/main-menu-error.jpg,jpg,2014-04-24 12:24:42,5969
container-ship,https://www.mandsconsulting.com/wp-content/uploads/container-ship.jpg,jpg,2014-04-24 13:00:50,5970
OBIEE Prompt,https://www.mandsconsulting.com/wp-content/uploads/OBIEE-Prompt.png,png,2014-05-06 13:00:39,5977
140506-1,https://www.mandsconsulting.com/wp-content/uploads/140506-1.png,png,2014-05-06 17:13:22,5983
140506-2,https://www.mandsconsulting.com/wp-content/uploads/140506-2.png,png,2014-05-06 17:13:24,5984
140506-3,https://www.mandsconsulting.com/wp-content/uploads/140506-3.png,png,2014-05-06 17:13:25,5985
140506-4,https://www.mandsconsulting.com/wp-content/uploads/140506-4.png,png,2014-05-06 17:13:26,5986
140506-5,https://www.mandsconsulting.com/wp-content/uploads/140506-5.png,png,2014-05-06 17:13:28,5987
140506-6,https://www.mandsconsulting.com/wp-content/uploads/140506-6.png,png,2014-05-06 17:13:30,5988
140506-7,https://www.mandsconsulting.com/wp-content/uploads/140506-7.png,png,2014-05-06 17:13:31,5989
140506-8,https://www.mandsconsulting.com/wp-content/uploads/140506-8.png,png,2014-05-07 09:43:04,5994
140506-9,https://www.mandsconsulting.com/wp-content/uploads/140506-9.png,png,2014-05-07 09:43:07,5995
140506-7edit,https://www.mandsconsulting.com/wp-content/uploads/140506-7edit.png,png,2014-05-07 09:46:30,5996
140506-6edit,https://www.mandsconsulting.com/wp-content/uploads/140506-6edit.png,png,2014-05-07 09:46:32,5997
usb-cable-in-server,https://www.mandsconsulting.com/wp-content/uploads/usb-cable-in-server.jpg,jpg,2014-05-09 17:26:18,6002
user interface form,https://www.mandsconsulting.com/wp-content/uploads/user-interface-form-set.jpg,jpg,2014-05-12 10:47:49,6005
IMG1,https://www.mandsconsulting.com/wp-content/uploads/IMG12.png,png,2014-05-12 13:09:56,6013
IMG2,https://www.mandsconsulting.com/wp-content/uploads/IMG22.png,png,2014-05-12 13:09:58,6014
IMG3,https://www.mandsconsulting.com/wp-content/uploads/IMG31.png,png,2014-05-12 13:10:00,6015
IMG4,https://www.mandsconsulting.com/wp-content/uploads/IMG41.png,png,2014-05-12 13:10:02,6016
IMG1,https://www.mandsconsulting.com/wp-content/uploads/IMG13.png,png,2014-05-12 13:14:19,6017
IMG2,https://www.mandsconsulting.com/wp-content/uploads/IMG23.png,png,2014-05-12 13:14:20,6018
IMG3,https://www.mandsconsulting.com/wp-content/uploads/IMG32.png,png,2014-05-12 13:14:22,6019
IMG4,https://www.mandsconsulting.com/wp-content/uploads/IMG42.png,png,2014-05-12 13:14:23,6020
NewCinciOffice,https://www.mandsconsulting.com/wp-content/uploads/NewCinciOffice-EmailHeader.png,png,2014-05-12 14:33:59,6032
153b - Outside,https://www.mandsconsulting.com/wp-content/uploads/153b-Outside.jpg,jpg,2014-05-12 14:48:21,6034
022 - Front Entrance,https://www.mandsconsulting.com/wp-content/uploads/022-Front-Entrance1.jpg,jpg,2014-05-12 14:50:55,6036
203 - Center Right,https://www.mandsconsulting.com/wp-content/uploads/203-Center-Right1.jpg,jpg,2014-05-12 14:51:11,6037
abstract-geometric,https://www.mandsconsulting.com/wp-content/uploads/abstract-geometric-colorful-pattern.jpg,jpg,2014-05-16 16:20:03,6045
cannotCopyErrorJDeveloper,https://www.mandsconsulting.com/wp-content/uploads/cannotCopyErrorJDeveloper.png,png,2014-05-30 17:57:15,6053
deleteDesktopINI,https://www.mandsconsulting.com/wp-content/uploads/deleteDesktopINI.png,png,2014-05-30 17:57:17,6054
hiddenItemsEnable,https://www.mandsconsulting.com/wp-content/uploads/hiddenItemsEnable.png,png,2014-05-30 17:57:19,6055
noMoreSharedIcon,https://www.mandsconsulting.com/wp-content/uploads/noMoreSharedIcon.png,png,2014-05-30 17:57:21,6056
16077-welcome,https://www.mandsconsulting.com/wp-content/uploads/16077-welcome.jpg,jpg,2014-06-03 13:49:41,6059
paint-brush-on-wooden-artistic-pallette,https://www.mandsconsulting.com/wp-content/uploads/paint-brush-on-wooden-artistic-pallette.jpg,jpg,2014-06-11 15:01:22,6064
usa-soccer-grunge-wall,https://www.mandsconsulting.com/wp-content/uploads/usa-soccer-grunge-wall.jpg,jpg,2014-06-18 11:18:18,6074
access-denied,https://www.mandsconsulting.com/wp-content/uploads/access-denied.jpg,jpg,2014-06-19 11:20:40,6078
WorldCupStatistics-FIFAsite,https://www.mandsconsulting.com/wp-content/uploads/WorldCupStatistics-FIFAsite.png,png,2014-06-23 11:31:56,6080
WorldCupStatistics-WSJsite,https://www.mandsconsulting.com/wp-content/uploads/WorldCupStatistics-WSJsite.png,png,2014-06-23 11:32:06,6081
Correction,https://www.mandsconsulting.com/wp-content/uploads/Correction.png,png,2014-06-25 15:01:00,6093
Overview,https://www.mandsconsulting.com/wp-content/uploads/Overview.png,png,2014-06-25 15:07:42,6096
1,https://www.mandsconsulting.com/wp-content/uploads/16.png,png,2014-06-25 15:08:34,6097
2,https://www.mandsconsulting.com/wp-content/uploads/24.png,png,2014-06-25 15:09:30,6098
3,https://www.mandsconsulting.com/wp-content/uploads/34.png,png,2014-06-25 15:10:30,6099
insert,https://www.mandsconsulting.com/wp-content/uploads/insert.png,png,2014-06-25 15:11:12,6100
4,https://www.mandsconsulting.com/wp-content/uploads/42.png,png,2014-06-25 15:12:16,6101
delete,https://www.mandsconsulting.com/wp-content/uploads/delete.png,png,2014-06-25 15:13:11,6102
5,https://www.mandsconsulting.com/wp-content/uploads/52.png,png,2014-06-25 15:13:53,6103
6,https://www.mandsconsulting.com/wp-content/uploads/62.png,png,2014-06-25 15:14:41,6104
7,https://www.mandsconsulting.com/wp-content/uploads/72.png,png,2014-06-25 15:16:37,6105
Zabbix Server,https://www.mandsconsulting.com/wp-content/uploads/New-Bitmap-Image-Copy-5.bmp,bmp,2014-06-26 11:18:05,6121
Big-Data-1,https://www.mandsconsulting.com/wp-content/uploads/Big-Data-1.jpg,jpg,2014-06-26 11:27:03,6124
calendars1,https://www.mandsconsulting.com/wp-content/uploads/calendars1.jpg,jpg,2014-06-30 12:21:23,6130
learning-definition,https://www.mandsconsulting.com/wp-content/uploads/learning-definition.jpg,jpg,2014-07-01 12:51:46,6136
table 1,https://www.mandsconsulting.com/wp-content/uploads/table-1.png,png,2014-07-16 10:40:39,6151
ERD,https://www.mandsconsulting.com/wp-content/uploads/ERD.png,png,2014-07-16 10:41:39,6152
key,https://www.mandsconsulting.com/wp-content/uploads/key.png,png,2014-07-16 10:42:36,6153
unnamed,https://www.mandsconsulting.com/wp-content/uploads/unnamed.png,png,2014-07-16 11:03:55,6165
erd 2,https://www.mandsconsulting.com/wp-content/uploads/erd-2.png,png,2014-07-16 11:23:57,6167
Personnel_HR_General_ERD -5--page1,https://www.mandsconsulting.com/wp-content/uploads/Personnel_HR_General_ERD-5-page1.png,png,2014-07-18 14:37:02,6187
raci image,https://www.mandsconsulting.com/wp-content/uploads/raci-image.jpg,jpg,2014-07-21 08:53:05,6199
syntax,https://www.mandsconsulting.com/wp-content/uploads/syntax.png,png,2014-07-22 11:35:39,6241
table circles,https://www.mandsconsulting.com/wp-content/uploads/table-circles.png,png,2014-07-22 11:37:14,6242
sql q,https://www.mandsconsulting.com/wp-content/uploads/sql-q.png,png,2014-07-22 11:40:19,6243
sql,https://www.mandsconsulting.com/wp-content/uploads/sql.png,png,2014-07-22 11:41:45,6244
the-core-inside-the-sphere,https://www.mandsconsulting.com/wp-content/uploads/the-sphere-inside-the-sphere.jpg,jpg,2014-07-23 11:04:14,6263
IMG_2564,https://www.mandsconsulting.com/wp-content/uploads/IMG_2564.jpg,jpg,2014-07-23 12:32:26,6272
IMG_2559,https://www.mandsconsulting.com/wp-content/uploads/IMG_2559.jpg,jpg,2014-07-23 12:32:34,6273
IMG_2580,https://www.mandsconsulting.com/wp-content/uploads/IMG_2580.jpg,jpg,2014-07-23 12:45:52,6279
IMG_2587,https://www.mandsconsulting.com/wp-content/uploads/IMG_2587.jpg,jpg,2014-07-23 12:46:30,6280
ig-buildappsfaster,https://www.mandsconsulting.com/wp-content/uploads/ig-buildappsfaster.jpg,jpg,2014-07-23 13:11:35,6284
ig-buildappsfaster,https://www.mandsconsulting.com/wp-content/uploads/ig-buildappsfaster1.jpg,jpg,2014-07-23 13:17:43,6287
Summer '14 Release features,https://www.mandsconsulting.com/wp-content/uploads/Summer-14-Release-features.png,png,2014-07-23 13:26:15,6290
Summer '14 Detailed Feature List,https://www.mandsconsulting.com/wp-content/uploads/summer14_ReleasePreview.pdf,pdf,2014-07-23 13:28:07,6291
PittOAUG-Golf-2014,https://www.mandsconsulting.com/wp-content/uploads/PittOAUG-Golf-2014.jpg,jpg,2014-07-24 12:43:18,6296
mavensmate,https://www.mandsconsulting.com/wp-content/uploads/mavensmate.png,png,2014-07-25 16:44:30,6321
MIS-EBS-FormHeader,https://www.mandsconsulting.com/wp-content/uploads/MIS-EBS-FormHeader.jpg,jpg,2014-07-29 12:00:13,6335
1,https://www.mandsconsulting.com/wp-content/uploads/17.png,png,2014-07-30 17:22:14,6359
2,https://www.mandsconsulting.com/wp-content/uploads/25.png,png,2014-07-30 17:23:11,6360
3,https://www.mandsconsulting.com/wp-content/uploads/35.png,png,2014-07-30 17:23:53,6361
SFDC-Summer14,https://www.mandsconsulting.com/wp-content/uploads/SFDC-Summer14.png,png,2014-08-05 15:47:54,6378
puzzle-join,https://www.mandsconsulting.com/wp-content/uploads/puzzle-join.jpg,jpg,2014-08-05 16:10:57,6381
abstract-technology-background,https://www.mandsconsulting.com/wp-content/uploads/abstract-technology-background.jpg,jpg,2014-08-05 17:06:16,6385
tunnel,https://www.mandsconsulting.com/wp-content/uploads/tunnel.jpg,jpg,2014-08-05 17:29:54,6388
computer-code,https://www.mandsconsulting.com/wp-content/uploads/computer-code.jpg,jpg,2014-08-05 17:47:32,6392
HadoopArch,https://www.mandsconsulting.com/wp-content/uploads/ClouderaArch.jpg,jpg,2014-08-07 12:28:05,6397
BigDataProducts,https://www.mandsconsulting.com/wp-content/uploads/BigDataProducts.jpg,jpg,2014-08-08 10:57:35,6408
R1,https://www.mandsconsulting.com/wp-content/uploads/R1.jpg,jpg,2014-08-12 11:45:57,6415
R2,https://www.mandsconsulting.com/wp-content/uploads/R2.jpg,jpg,2014-08-12 11:48:30,6416
multiple user selection,https://www.mandsconsulting.com/wp-content/uploads/multiple-user-selection.png,png,2014-08-12 15:59:17,6432
Pittsburgh Amazon Web Service,https://www.mandsconsulting.com/wp-content/uploads/PittAWS.jpg,jpg,2014-08-20 17:21:25,6470
ec2sf,https://www.mandsconsulting.com/wp-content/uploads/ec2sf.jpg,jpg,2014-08-27 10:53:08,6484
s3sf,https://www.mandsconsulting.com/wp-content/uploads/s3sf.png,png,2014-08-27 10:53:27,6485
sfkey,https://www.mandsconsulting.com/wp-content/uploads/sfkey.png,png,2014-08-27 10:53:39,6486
new-life,https://www.mandsconsulting.com/wp-content/uploads/new-life.jpg,jpg,2014-09-04 17:21:48,6504
components-of-cookies,https://www.mandsconsulting.com/wp-content/uploads/components-of-cookies.jpg,jpg,2014-09-04 17:34:20,6506
monarch-caterpillar,https://www.mandsconsulting.com/wp-content/uploads/monarch-caterpillar.jpg,jpg,2014-09-04 17:47:54,6509
migration,https://www.mandsconsulting.com/wp-content/uploads/migration.jpg,jpg,2014-09-04 17:53:10,6512
cloud-service,https://www.mandsconsulting.com/wp-content/uploads/cloud-service.jpg,jpg,2014-09-04 18:12:22,6515
Salesforce File Sync,https://www.mandsconsulting.com/wp-content/uploads/cloud-service1.jpg,jpg,2014-09-16 11:07:06,6530
migrationMigrating changes between Org’s using Change Sets in Salesforce.com,https://www.mandsconsulting.com/wp-content/uploads/migration1.jpg,jpg,2014-09-16 11:07:07,6531
Force.com Development Lifecycle,https://www.mandsconsulting.com/wp-content/uploads/monarch-caterpillar1.jpg,jpg,2014-09-16 11:07:08,6532
components-of-cookies,https://www.mandsconsulting.com/wp-content/uploads/components-of-cookies1.jpg,jpg,2014-09-16 11:14:04,6533
database-against-bright-blue-sky-with-cloud,https://www.mandsconsulting.com/wp-content/uploads/database-against-bright-blue-sky-with-cloud.jpg,jpg,2014-10-20 09:00:39,6600
2014-10-20_1701,https://www.mandsconsulting.com/wp-content/uploads/2014-10-20_1701.png,png,2014-10-20 17:06:03,6603
PM-Waterfall,https://www.mandsconsulting.com/wp-content/uploads/PM-Waterfall.jpg,jpg,2014-10-21 09:05:39,6608
PM-Agile,https://www.mandsconsulting.com/wp-content/uploads/PM-Agile.jpg,jpg,2014-10-21 09:05:58,6609
bridge in autumn forest,https://www.mandsconsulting.com/wp-content/uploads/bridge-in-autumn-forest.jpg,jpg,2014-10-21 09:43:41,6614
tv remote,https://www.mandsconsulting.com/wp-content/uploads/tv-remote.jpg,jpg,2014-10-21 10:02:17,6616
wine-barrels-in-storage,https://www.mandsconsulting.com/wp-content/uploads/wine-barrels-in-storage-santa-maria-california.jpg,jpg,2014-10-21 10:10:34,6619
GenderEqal1,https://www.mandsconsulting.com/wp-content/uploads/GenderEqal1.png,png,2014-10-22 11:47:46,6630
GenderEqal2,https://www.mandsconsulting.com/wp-content/uploads/GenderEqal2.png,png,2014-10-22 11:47:46,6631
colorful-frankfurt,https://www.mandsconsulting.com/wp-content/uploads/colorful-frankfurt-am-main-at-night.jpg,jpg,2014-10-24 16:23:51,6637
2014-10-14_1323,https://www.mandsconsulting.com/wp-content/uploads/2014-10-14_1323.png,png,2014-10-28 14:31:21,6641
2014-10-14_1202,https://www.mandsconsulting.com/wp-content/uploads/2014-10-14_1202.png,png,2014-10-28 16:12:30,6642
RStudioSS,https://www.mandsconsulting.com/wp-content/uploads/RStudioSS.png,png,2014-10-30 11:51:00,6646
Done.Better.Together.,https://www.mandsconsulting.com/wp-content/uploads/Facebook-CoverPhoto-Path1.png,png,2014-10-31 11:45:26,6654
Sending Emails from Apex in Salesforce,https://www.mandsconsulting.com/wp-content/uploads/finance-concept-email-on-digital-background.png,png,2014-11-04 16:45:54,6663
Assigning Group User from Apex,https://www.mandsconsulting.com/wp-content/uploads/school-of-fish-background.png,png,2014-11-04 17:24:46,6666
Amazon Web Services on Salesforce,https://www.mandsconsulting.com/wp-content/uploads/cloud-landscape.png,png,2014-11-04 17:56:04,6669
gender-inequality-in-the-workplace,https://www.mandsconsulting.com/wp-content/uploads/gender-inequality-in-the-workplace.png,png,2014-11-11 12:29:28,6689
An Analysis Design that will Allow Users to Create Custom Reports,https://www.mandsconsulting.com/wp-content/uploads/custom-car-wheel-reflection.png,png,2014-12-08 13:18:07,6724
An Alternative to Using an Oracle BI Publisher Data Table for a One Line Table,https://www.mandsconsulting.com/wp-content/uploads/abstract-colorful-rainbow-lines.png,png,2014-12-08 13:50:50,6727
Managing Negative Leave Balances in Oracle EBS R12.1.3 HCM,https://www.mandsconsulting.com/wp-content/uploads/tropical-beach.png,png,2014-12-08 14:38:13,6730
How to Create a Public RESTful Web Service on a Force.com Site,https://www.mandsconsulting.com/wp-content/uploads/crowd-of-people.png,png,2014-12-08 14:54:11,6732
Key features of Waterfall and Agile development methods,https://www.mandsconsulting.com/wp-content/uploads/waterfall.png,png,2014-12-08 16:19:20,6735
Record Naming Convention Trigger in Salesforce,https://www.mandsconsulting.com/wp-content/uploads/tabs-of-files.png,png,2014-12-08 16:30:40,6737
Rplot1,https://www.mandsconsulting.com/wp-content/uploads/Rplot1.png,png,2014-12-09 16:12:59,6744
Rplot2,https://www.mandsconsulting.com/wp-content/uploads/Rplot2.png,png,2014-12-09 16:13:00,6745
How to Create a SOAP Service in SFDC,https://www.mandsconsulting.com/wp-content/uploads/soap.jpg,jpg,2014-12-09 17:22:54,6750
Creating Tasks from Apex in Salesforce,https://www.mandsconsulting.com/wp-content/uploads/young-man-with-smoke-coming-out-of-cup.png,png,2014-12-09 18:28:46,6755
Oracle Portal 10g SSL Problem ,https://www.mandsconsulting.com/wp-content/uploads/medieval-red-door.png,png,2014-12-10 10:03:47,6757
Compatibility of AWS EC2 API Actions and IAM Policy Resource-Level Permissions,https://www.mandsconsulting.com/wp-content/uploads/bubbles.png,png,2014-12-10 10:41:01,6759
A Commentary of Dual Axis Graphics,https://www.mandsconsulting.com/wp-content/uploads/diversity-origami-speech-bubble.png,png,2014-12-10 11:05:26,6762
big data makes me smile,https://www.mandsconsulting.com/wp-content/uploads/big-data-makes-me-smile.jpg,jpg,2014-12-10 16:08:02,6768
ShinyServer,https://www.mandsconsulting.com/wp-content/uploads/ShinyServer.png,png,2014-12-11 14:47:37,6771
RStudio1,https://www.mandsconsulting.com/wp-content/uploads/RStudio1.png,png,2014-12-12 15:54:11,6774
RStudio2,https://www.mandsconsulting.com/wp-content/uploads/RStudio2.png,png,2014-12-12 15:54:16,6775
img_5490ab71a8e33,https://www.mandsconsulting.com/wp-content/uploads/img_5490ab71a8e33.png,png,2014-12-16 18:00:17,6781
img_5490ab7c13c1f,https://www.mandsconsulting.com/wp-content/uploads/img_5490ab7c13c1f.png,png,2014-12-16 18:00:28,6782
img_5490ab862f572,https://www.mandsconsulting.com/wp-content/uploads/img_5490ab862f572.png,png,2014-12-16 18:00:38,6783
img_5490ab86511f2,https://www.mandsconsulting.com/wp-content/uploads/img_5490ab86511f2.png,png,2014-12-16 18:00:38,6784
email-before-download (1),https://www.mandsconsulting.com/wp-content/uploads/dlm_uploads/email-before-download-1.zip,zip,2014-12-17 12:58:55,6788
img_549836ae7100a,https://www.mandsconsulting.com/wp-content/uploads/img_549836ae7100a.png,png,2014-12-22 11:20:14,6793
img_5498390fbb8a4,https://www.mandsconsulting.com/wp-content/uploads/img_5498390fbb8a4.png,png,2014-12-22 11:30:23,6794
img_54983a4feeedb,https://www.mandsconsulting.com/wp-content/uploads/img_54983a4feeedb.png,png,2014-12-22 11:35:43,6795
img_54983bc9720e7,https://www.mandsconsulting.com/wp-content/uploads/img_54983bc9720e7.png,png,2014-12-22 11:42:01,6796
img_54983c057835e,https://www.mandsconsulting.com/wp-content/uploads/img_54983c057835e.png,png,2014-12-22 11:43:01,6797
img_54983c4f8d265,https://www.mandsconsulting.com/wp-content/uploads/img_54983c4f8d265.png,png,2014-12-22 11:44:15,6798
img_5498408400da9,https://www.mandsconsulting.com/wp-content/uploads/img_5498408400da9.png,png,2014-12-22 12:02:12,6799
img_54984141a0dd1,https://www.mandsconsulting.com/wp-content/uploads/img_54984141a0dd1.png,png,2014-12-22 12:05:21,6800
img_549849e0b1d1f,https://www.mandsconsulting.com/wp-content/uploads/img_549849e0b1d1f.png,png,2014-12-22 12:42:08,6801
img_5498684cc9903,https://www.mandsconsulting.com/wp-content/uploads/img_5498684cc9903.png,png,2014-12-22 14:51:56,6802
img_54986890b7e9e,https://www.mandsconsulting.com/wp-content/uploads/img_54986890b7e9e.png,png,2014-12-22 14:53:04,6803
img_54986ab7ebf5e,https://www.mandsconsulting.com/wp-content/uploads/img_54986ab7ebf5e.png,png,2014-12-22 15:02:15,6804
img_54986b0738709,https://www.mandsconsulting.com/wp-content/uploads/img_54986b0738709.png,png,2014-12-22 15:03:35,6805
img_54987e4e67acc,https://www.mandsconsulting.com/wp-content/uploads/img_54987e4e67acc.png,png,2014-12-22 16:25:50,6808
img_54987f6c1372e,https://www.mandsconsulting.com/wp-content/uploads/img_54987f6c1372e.png,png,2014-12-22 16:30:36,6809
img_549882df91f82,https://www.mandsconsulting.com/wp-content/uploads/img_549882df91f82.png,png,2014-12-22 16:45:19,6810
img_5498832cd280f,https://www.mandsconsulting.com/wp-content/uploads/img_5498832cd280f.png,png,2014-12-22 16:46:36,6811
"Big Data, Data Science and Business Intelligence",https://www.mandsconsulting.com/wp-content/uploads/BigData-BI.jpg,jpg,2015-01-09 13:03:58,6830
MandS-Logo,https://www.mandsconsulting.com/wp-content/uploads/MandS-Logo.png,png,2015-01-22 12:49:21,6849
img_54c157c310d79,https://www.mandsconsulting.com/wp-content/uploads/img_54c157c310d79.png,png,2015-01-22 16:04:19,6851
img_54c157d05a114,https://www.mandsconsulting.com/wp-content/uploads/img_54c157d05a114.png,png,2015-01-22 16:04:32,6852
img_54c157ed200c2,https://www.mandsconsulting.com/wp-content/uploads/img_54c157ed200c2.png,png,2015-01-22 16:05:01,6853
img_54c1581330a7e,https://www.mandsconsulting.com/wp-content/uploads/img_54c1581330a7e.png,png,2015-01-22 16:05:39,6854
img_54c15825e89a8,https://www.mandsconsulting.com/wp-content/uploads/img_54c15825e89a8.png,png,2015-01-22 16:05:57,6855
img_54c15840794a2,https://www.mandsconsulting.com/wp-content/uploads/img_54c15840794a2.png,png,2015-01-22 16:06:24,6856
img_54c1584d4e788,https://www.mandsconsulting.com/wp-content/uploads/img_54c1584d4e788.png,png,2015-01-22 16:06:37,6857
img_54c15859c251b,https://www.mandsconsulting.com/wp-content/uploads/img_54c15859c251b.png,png,2015-01-22 16:06:49,6858
State of the Union Speech Analysis,https://www.mandsconsulting.com/wp-content/uploads/speech-bubbles-concept.jpg,jpg,2015-01-22 16:37:56,6867
img_54c16f2986e01,https://www.mandsconsulting.com/wp-content/uploads/img_54c16f2986e01.png,png,2015-01-22 17:44:09,6872
img_54c16f420e4ac,https://www.mandsconsulting.com/wp-content/uploads/img_54c16f420e4ac.png,png,2015-01-22 17:44:34,6873
img_54c16f55cc190,https://www.mandsconsulting.com/wp-content/uploads/img_54c16f55cc190.png,png,2015-01-22 17:44:53,6874
img_54c16f65dcfd9,https://www.mandsconsulting.com/wp-content/uploads/img_54c16f65dcfd9.png,png,2015-01-22 17:45:09,6875
img_54c16f763ece1,https://www.mandsconsulting.com/wp-content/uploads/img_54c16f763ece1.png,png,2015-01-22 17:45:26,6876
IMG_5359,https://www.mandsconsulting.com/wp-content/uploads/IMG_5359.jpg,jpg,2015-02-09 11:05:24,6881
IMG_5351,https://www.mandsconsulting.com/wp-content/uploads/IMG_5351.jpg,jpg,2015-02-09 11:05:26,6882
IMG_1192,https://www.mandsconsulting.com/wp-content/uploads/IMG_1192-e1423494355246.jpg,jpg,2015-02-09 11:05:30,6883
orange-vector-background with copy,https://www.mandsconsulting.com/wp-content/uploads/orange-vector-background-copy.jpg,jpg,2015-02-11 13:02:56,6902
2015-02-16_15-22-26,https://www.mandsconsulting.com/wp-content/uploads/2015-02-16_15-22-26.png,png,2015-02-16 16:26:40,6909
img_54e4d304a2c5f,https://www.mandsconsulting.com/wp-content/uploads/img_54e4d304a2c5f.png,png,2015-02-18 13:59:32,6917
img_54e4d30d502e4,https://www.mandsconsulting.com/wp-content/uploads/img_54e4d30d502e4.png,png,2015-02-18 13:59:41,6918
img_54e4d31987f41,https://www.mandsconsulting.com/wp-content/uploads/img_54e4d31987f41.png,png,2015-02-18 13:59:53,6919
img_54e4d320ac794,https://www.mandsconsulting.com/wp-content/uploads/img_54e4d320ac794.png,png,2015-02-18 14:00:00,6920
img_54e507d7ca59a,https://www.mandsconsulting.com/wp-content/uploads/img_54e507d7ca59a.png,png,2015-02-18 17:44:55,6922
img_54e507f25a86c,https://www.mandsconsulting.com/wp-content/uploads/img_54e507f25a86c.png,png,2015-02-18 17:45:22,6923
img_54e508006ae66,https://www.mandsconsulting.com/wp-content/uploads/img_54e508006ae66.png,png,2015-02-18 17:45:36,6924
img_54e5080e68686,https://www.mandsconsulting.com/wp-content/uploads/img_54e5080e68686.png,png,2015-02-18 17:45:50,6925
red-rose,https://www.mandsconsulting.com/wp-content/uploads/red-rose.jpg,jpg,2015-02-18 18:25:58,6935
red-rose,https://www.mandsconsulting.com/wp-content/uploads/red-rose1.jpg,jpg,2015-02-18 18:26:23,6936
img_54e5129fa5a55,https://www.mandsconsulting.com/wp-content/uploads/img_54e5129fa5a55.png,png,2015-02-18 18:30:55,6939
img_54e512a1b0d32,https://www.mandsconsulting.com/wp-content/uploads/img_54e512a1b0d32.png,png,2015-02-18 18:30:57,6940
img_54e512a850bb9,https://www.mandsconsulting.com/wp-content/uploads/img_54e512a850bb9.png,png,2015-02-18 18:31:04,6941
img_54e512b762705,https://www.mandsconsulting.com/wp-content/uploads/img_54e512b762705.png,png,2015-02-18 18:31:19,6942
img_54e512b8c959e,https://www.mandsconsulting.com/wp-content/uploads/img_54e512b8c959e.png,png,2015-02-18 18:31:20,6943
img_54e512b93da52,https://www.mandsconsulting.com/wp-content/uploads/img_54e512b93da52.png,png,2015-02-18 18:31:21,6944
img_54e512b9a56ec,https://www.mandsconsulting.com/wp-content/uploads/img_54e512b9a56ec.png,png,2015-02-18 18:31:21,6945
img_54e512b9e7679,https://www.mandsconsulting.com/wp-content/uploads/img_54e512b9e7679.png,png,2015-02-18 18:31:21,6946
img_54e512ba2524a,https://www.mandsconsulting.com/wp-content/uploads/img_54e512ba2524a.png,png,2015-02-18 18:31:22,6947
img_54e512ba5699b,https://www.mandsconsulting.com/wp-content/uploads/img_54e512ba5699b.png,png,2015-02-18 18:31:22,6948
img_54e512ba9035d,https://www.mandsconsulting.com/wp-content/uploads/img_54e512ba9035d.png,png,2015-02-18 18:31:22,6949
img_54e512bac13ef,https://www.mandsconsulting.com/wp-content/uploads/img_54e512bac13ef.png,png,2015-02-18 18:31:22,6950
img_54e512bb010a8,https://www.mandsconsulting.com/wp-content/uploads/img_54e512bb010a8.png,png,2015-02-18 18:31:23,6951
img_54e512bb2ed1a,https://www.mandsconsulting.com/wp-content/uploads/img_54e512bb2ed1a.png,png,2015-02-18 18:31:23,6952
img_54e512bb7e36d,https://www.mandsconsulting.com/wp-content/uploads/img_54e512bb7e36d.png,png,2015-02-18 18:31:23,6953
img_54e512bbbaeac,https://www.mandsconsulting.com/wp-content/uploads/img_54e512bbbaeac.png,png,2015-02-18 18:31:23,6954
img_54e512bc1ca88,https://www.mandsconsulting.com/wp-content/uploads/img_54e512bc1ca88.png,png,2015-02-18 18:31:24,6955
img_54e512bc43e99,https://www.mandsconsulting.com/wp-content/uploads/img_54e512bc43e99.png,png,2015-02-18 18:31:24,6956
MandS-Logo,https://www.mandsconsulting.com/wp-content/uploads/MandS-Logo1.png,png,2015-02-20 11:04:58,6962
Hortonworks-Partner,https://www.mandsconsulting.com/wp-content/uploads/Hor_RGBLogo.gif,gif,2015-02-25 15:07:13,6963
Takeout,https://www.mandsconsulting.com/wp-content/uploads/Takeout.png,png,2015-03-25 12:18:09,6982
Formats,https://www.mandsconsulting.com/wp-content/uploads/Formats.png,png,2015-03-25 15:09:34,6992
img_55130a2650eaf,https://www.mandsconsulting.com/wp-content/uploads/img_55130a2650eaf.png,png,2015-03-25 15:19:02,6996
img_55130a2fc95cd,https://www.mandsconsulting.com/wp-content/uploads/img_55130a2fc95cd.png,png,2015-03-25 15:19:11,6997
img_55130a41b9381,https://www.mandsconsulting.com/wp-content/uploads/img_55130a41b9381.png,png,2015-03-25 15:19:29,6998
img_55130a5b0fa46,https://www.mandsconsulting.com/wp-content/uploads/img_55130a5b0fa46.png,png,2015-03-25 15:19:55,6999
img_55130a7b4a415,https://www.mandsconsulting.com/wp-content/uploads/img_55130a7b4a415.png,png,2015-03-25 15:20:27,7000
img_55130a87dc72b,https://www.mandsconsulting.com/wp-content/uploads/img_55130a87dc72b.png,png,2015-03-25 15:20:39,7001
img_55130a938a3b6,https://www.mandsconsulting.com/wp-content/uploads/img_55130a938a3b6.png,png,2015-03-25 15:20:51,7002
img_55130a9c985d2,https://www.mandsconsulting.com/wp-content/uploads/img_55130a9c985d2.png,png,2015-03-25 15:21:00,7003
img_55130aab38140,https://www.mandsconsulting.com/wp-content/uploads/img_55130aab38140.png,png,2015-03-25 15:21:15,7004
img_55130abb99ef1,https://www.mandsconsulting.com/wp-content/uploads/img_55130abb99ef1.png,png,2015-03-25 15:21:31,7005
img_55130ac7dc453,https://www.mandsconsulting.com/wp-content/uploads/img_55130ac7dc453.png,png,2015-03-25 15:21:43,7006
img_55130ace96a59,https://www.mandsconsulting.com/wp-content/uploads/img_55130ace96a59.png,png,2015-03-25 15:21:50,7007
img_55130ada7df01,https://www.mandsconsulting.com/wp-content/uploads/img_55130ada7df01.png,png,2015-03-25 15:22:02,7008
img_55130ae3469aa,https://www.mandsconsulting.com/wp-content/uploads/img_55130ae3469aa.png,png,2015-03-25 15:22:11,7009
img_55130af3ddb36,https://www.mandsconsulting.com/wp-content/uploads/img_55130af3ddb36.png,png,2015-03-25 15:22:27,7010
Admin Panel,https://www.mandsconsulting.com/wp-content/uploads/Admin-Panel.png,png,2015-03-25 15:46:28,7020
Migration Page,https://www.mandsconsulting.com/wp-content/uploads/Migration-Page.png,png,2015-03-25 15:56:53,7021
Request Archive,https://www.mandsconsulting.com/wp-content/uploads/Request-Archive.png,png,2015-03-25 16:01:48,7022
Migration1new,https://www.mandsconsulting.com/wp-content/uploads/Migration1new.png,png,2015-03-27 11:00:27,7024
Google Apps migration,https://www.mandsconsulting.com/wp-content/uploads/migration2.jpg,jpg,2015-03-27 17:49:18,7031
Salesforce1 Lightning Overview,https://www.mandsconsulting.com/wp-content/uploads/trendy-retro-geometric-seamless-pattern.jpg,jpg,2015-03-31 16:19:32,7035
MHS-TheatreAd,https://www.mandsconsulting.com/wp-content/uploads/MHS-TheatreAd.pdf,pdf,2015-04-01 14:51:46,7036
Google Drive sharing options,https://www.mandsconsulting.com/wp-content/uploads/data-network.jpg,jpg,2015-04-02 13:37:03,7045
New-IdAM-Vendor-Product-Matrix,https://www.mandsconsulting.com/wp-content/uploads/New-IdAM-Vendor-Product-Matrix.jpg,jpg,2015-04-09 12:10:51,7063
Microsoft Identity Manager - Coming Soon,https://www.mandsconsulting.com/wp-content/uploads/colorful-hanging-team-members-badges.jpg,jpg,2015-04-21 14:03:05,7098
Explore the Force.com platform with Trailhead,https://www.mandsconsulting.com/wp-content/uploads/mountain-road.jpg,jpg,2015-04-21 14:17:06,7101
Industrial Iinternet of Things and Machine Learning,https://www.mandsconsulting.com/wp-content/uploads/wind-power-header.jpg,jpg,2015-05-11 12:08:28,7115
chrome-bubbles-background,https://www.mandsconsulting.com/wp-content/uploads/chrome-bubbles-background.jpg,jpg,2015-05-20 15:45:30,7129
splash-on-wall-revealing-server-tower,https://www.mandsconsulting.com/wp-content/uploads/splash-on-wall-revealing-server-tower.jpg,jpg,2015-05-20 15:57:22,7132
graphical-chart-analysis,https://www.mandsconsulting.com/wp-content/uploads/graphical-chart-analysis.jpg,jpg,2015-05-20 16:28:58,7136
cube-three-dimensional-shape,https://www.mandsconsulting.com/wp-content/uploads/cube-three-dimensional-shape.jpg,jpg,2015-05-20 16:33:45,7138
060115_1851_Postingfrom1.png,https://www.mandsconsulting.com/wp-content/uploads/060115_1851_Postingfrom1.png,png,2015-06-01 14:51:16,7146
060115_1851_Postingfrom2.png,https://www.mandsconsulting.com/wp-content/uploads/060115_1851_Postingfrom2.png,png,2015-06-01 14:51:16,7147
060115_1851_Postingfrom3.png,https://www.mandsconsulting.com/wp-content/uploads/060115_1851_Postingfrom3.png,png,2015-06-01 14:51:17,7148
060115_1851_Postingfrom4.png,https://www.mandsconsulting.com/wp-content/uploads/060115_1851_Postingfrom4.png,png,2015-06-01 14:51:17,7149
060115_1851_Postingfrom5.png,https://www.mandsconsulting.com/wp-content/uploads/060115_1851_Postingfrom5.png,png,2015-06-01 14:51:18,7150
060115_1851_Postingfrom6.png,https://www.mandsconsulting.com/wp-content/uploads/060115_1851_Postingfrom6.png,png,2015-06-01 14:51:18,7151
060115_1851_Postingfrom7.png,https://www.mandsconsulting.com/wp-content/uploads/060115_1851_Postingfrom7.png,png,2015-06-01 14:51:19,7152
060115_1851_Postingfrom8.png,https://www.mandsconsulting.com/wp-content/uploads/060115_1851_Postingfrom8.png,png,2015-06-01 14:51:19,7153
Screen Shot 2015-06-10 at 11.24.15 AM,https://www.mandsconsulting.com/wp-content/uploads/Screen-Shot-2015-06-10-at-11.24.15-AM.png,png,2015-06-10 11:24:47,7167
img_55785a3386499,https://www.mandsconsulting.com/wp-content/uploads/img_55785a3386499.png,png,2015-06-10 11:39:31,7168
Ashok Aggarwal,https://www.mandsconsulting.com/wp-content/uploads/AshokA.jpg,jpg,2015-07-01 14:47:52,7180
Robert Liekar,https://www.mandsconsulting.com/wp-content/uploads/BobL.jpg,jpg,2015-07-01 14:47:53,7181
Sanu Chadha,https://www.mandsconsulting.com/wp-content/uploads/SanuC.jpg,jpg,2015-07-01 14:47:59,7183
Subra Subramanyam,https://www.mandsconsulting.com/wp-content/uploads/SubraS.jpg,jpg,2015-07-01 14:48:01,7184
Tina Mascaro,https://www.mandsconsulting.com/wp-content/uploads/TinaM.jpg,jpg,2015-07-01 14:48:02,7185
Jay Mason,https://www.mandsconsulting.com/wp-content/uploads/ProfilePicts2.jpg,jpg,2015-07-01 14:48:47,7186
Kate Hazen,https://www.mandsconsulting.com/wp-content/uploads/KateH.jpg,jpg,2015-07-01 14:55:11,7187
Data Lake Practical Techniques,https://www.mandsconsulting.com/wp-content/uploads/man-on-the-lake.jpg,jpg,2015-07-07 16:07:54,7196
Salesforce Identity,https://www.mandsconsulting.com/wp-content/uploads/login-with-email-and-password.jpg,jpg,2015-07-27 10:45:51,7214
Integrate IBM Cognos with Oracle Single Sign On,https://www.mandsconsulting.com/wp-content/uploads/password-on-screen.jpg,jpg,2015-08-03 14:47:31,7221
aa_web,https://www.mandsconsulting.com/wp-content/uploads/aa_web.jpg,jpg,2015-08-04 22:25:15,7243
"Robert Liekar, Director, Data Science",https://www.mandsconsulting.com/wp-content/uploads/BobL-1_pp.jpg,jpg,2015-08-06 09:47:30,7245
Tina Mascaro,https://www.mandsconsulting.com/wp-content/uploads/Leadership-Team.jpg,jpg,2015-08-06 12:57:32,7247
Sanu Chadha,https://www.mandsconsulting.com/wp-content/uploads/Leadership-Team2.jpg,jpg,2015-08-06 12:57:33,7248
Robert Liekar,https://www.mandsconsulting.com/wp-content/uploads/Leadership-Team3.jpg,jpg,2015-08-06 12:57:34,7249
Ashok Aggarwal,https://www.mandsconsulting.com/wp-content/uploads/Leadership-Team4.jpg,jpg,2015-08-06 12:57:34,7250
Subra Subramanyam,https://www.mandsconsulting.com/wp-content/uploads/Leadership-Team5.jpg,jpg,2015-08-06 12:57:35,7251
Kate Hazen,https://www.mandsconsulting.com/wp-content/uploads/Leadership-Team6.jpg,jpg,2015-08-06 12:57:36,7252
Jay Mason,https://www.mandsconsulting.com/wp-content/uploads/Leadership-Team7.jpg,jpg,2015-08-06 12:57:37,7253
cloud-computing-concept-in-box,https://www.mandsconsulting.com/wp-content/uploads/cloud-computing-concept-in-box.jpg,jpg,2015-08-11 11:18:58,7261
Screen Shot 2015-08-27 at 10.05.21,https://www.mandsconsulting.com/wp-content/uploads/Screen-Shot-2015-08-27-at-10.05.21.png,png,2015-08-27 10:21:48,7268
Screen Shot 2015-08-27 at 10.30.27,https://www.mandsconsulting.com/wp-content/uploads/Screen-Shot-2015-08-27-at-10.30.27.png,png,2015-08-27 10:30:57,7269
Old salesforce.com vs new UI home screen,https://www.mandsconsulting.com/wp-content/uploads/Home-Screen-MS.png,png,2015-08-27 12:17:45,7275
Sales Dashboard-MS,https://www.mandsconsulting.com/wp-content/uploads/Sales-Dashboard-MS.png,png,2015-08-27 12:17:47,7276
Family of Salesforce Lightning,https://www.mandsconsulting.com/wp-content/uploads/Family-of-Lightning.png,png,2015-08-27 12:24:05,7277
Migrating from Oracle Portal 10g to Oracle Application Express (APEX),https://www.mandsconsulting.com/wp-content/uploads/APEX-Migration10g.jpg,jpg,2015-09-09 15:35:19,7293
excited for Dreamforce,https://www.mandsconsulting.com/wp-content/uploads/salesforce_dreamforce_2015_conference_banner_655_170.png,png,2015-09-16 18:24:22,7310
MandS-Logo-White1,https://www.mandsconsulting.com/wp-content/uploads/MandS-Logo-White1.png,png,2015-10-03 16:47:34,7356
bigdatabg,https://www.mandsconsulting.com/wp-content/uploads/bigdatabg.png,png,2015-10-03 18:57:00,7388
puzzle-join,https://www.mandsconsulting.com/wp-content/uploads/puzzle-join1.jpg,jpg,2015-10-03 19:18:35,7395
Path-BlueGrad-1900x700,https://www.mandsconsulting.com/wp-content/uploads/Path-BlueGrad-1900x700.jpg,jpg,2015-10-03 21:17:48,7414
FocusAreas-BlueGrad-1900x700,https://www.mandsconsulting.com/wp-content/uploads/FocusAreas-BlueGrad-1900x700.jpg,jpg,2015-10-03 22:22:52,7417
clouds-01,https://www.mandsconsulting.com/wp-content/uploads/clouds-01.jpg,jpg,2015-10-03 22:26:40,7419
oraclehq,https://www.mandsconsulting.com/wp-content/uploads/oraclehq.jpg,jpg,2015-10-03 22:27:41,7420
Big-Data-1,https://www.mandsconsulting.com/wp-content/uploads/Big-Data-11.jpg,jpg,2015-10-03 22:28:21,7421
sfimage1,https://www.mandsconsulting.com/wp-content/uploads/sfimage1.jpg,jpg,2015-10-04 11:47:27,7427
IMG_5351,https://www.mandsconsulting.com/wp-content/uploads/IMG_53511.jpg,jpg,2015-10-04 11:51:48,7429
wallpaper_oracle-2,https://www.mandsconsulting.com/wp-content/uploads/wallpaper_oracle-21.jpg,jpg,2015-10-04 11:52:58,7431
Cloud and Infrastructure,https://www.mandsconsulting.com/wp-content/uploads/Template-BW-Pictures.jpg,jpg,2015-10-04 11:57:19,7433
APN_Standard-Consulting-Partner,https://www.mandsconsulting.com/wp-content/uploads/APN_Standard-Consulting-Partner1.png,png,2015-10-04 11:57:58,7434
VMW_09Q4_LGO_PARTNER_SOLUTION_PROVIDER_PRO_PRO_REV-200x1471,https://www.mandsconsulting.com/wp-content/uploads/VMW_09Q4_LGO_PARTNER_SOLUTION_PROVIDER_PRO_PRO_REV-200x14711.png,png,2015-10-04 11:59:15,7436
KuDr42X_ITXghJhSInDZekNEF0jLt3NeVxtRye3tqco (1),https://www.mandsconsulting.com/wp-content/uploads/KuDr42X_ITXghJhSInDZekNEF0jLt3NeVxtRye3tqco-1.png,png,2015-10-04 11:59:56,7437
openstack-cloud-software-vertical-small,https://www.mandsconsulting.com/wp-content/uploads/openstack-cloud-software-vertical-small1.png,png,2015-10-04 12:00:24,7438
Screen-Shot-2015-10-02-at-11.22.01-AM.png,https://www.mandsconsulting.com/wp-content/uploads/revslider/Home-Main1/Screen-Shot-2015-10-02-at-11.22.01-AM.png,png,2015-10-04 17:01:51,7441
Wallpaper-Career-Slider1,https://www.mandsconsulting.com/wp-content/uploads/Wallpaper-Career-Slider11.jpg,jpg,2015-10-04 18:21:39,7442
conceptual-numbers (2),https://www.mandsconsulting.com/wp-content/uploads/conceptual-numbers-2.jpg,jpg,2015-10-05 09:29:18,7470
businessman-considering-a-brainstorm-for-marketing (2),https://www.mandsconsulting.com/wp-content/uploads/businessman-considering-a-brainstorm-for-marketing-2.jpg,jpg,2015-10-05 09:29:41,7471
business-man-and-woman-sitting-on-spiral-stairs-using-laptop-elevated-view,https://www.mandsconsulting.com/wp-content/uploads/business-man-and-woman-sitting-on-spiral-stairs-using-laptop-elevated-view.jpg,jpg,2015-10-05 09:30:06,7473
business-people-group-working-in-customer-and-help-desk-office,https://www.mandsconsulting.com/wp-content/uploads/business-people-group-working-in-customer-and-help-desk-office.jpg,jpg,2015-10-05 09:31:44,7475
business-people-group-working-in-customer-and-help-desk-office,https://www.mandsconsulting.com/wp-content/uploads/business-people-group-working-in-customer-and-help-desk-office1.jpg,jpg,2015-10-05 09:34:09,7477
HandPen-BlueGrad-1900x700,https://www.mandsconsulting.com/wp-content/uploads/HandPen-BlueGrad-1900x700.jpg,jpg,2015-10-05 09:36:17,7479
MeetingWithDrinksLaptops-BlueGrad-1900x700,https://www.mandsconsulting.com/wp-content/uploads/MeetingWithDrinksLaptops-BlueGrad-1900x700.jpg,jpg,2015-10-05 09:36:19,7480
PlantInWindow-BlueGrad-1900x700,https://www.mandsconsulting.com/wp-content/uploads/PlantInWindow-BlueGrad-1900x700.jpg,jpg,2015-10-05 09:36:22,7481
WhiteboardMarkers-BlueGrad-1900x700,https://www.mandsconsulting.com/wp-content/uploads/WhiteboardMarkers-BlueGrad-1900x700.jpg,jpg,2015-10-05 09:36:24,7482
photo-1439853949127-fa647821eba0,https://www.mandsconsulting.com/wp-content/uploads/photo-1439853949127-fa647821eba01.jpeg,jpeg,2015-10-05 09:41:39,7484
MS-Square-400x400,https://www.mandsconsulting.com/wp-content/uploads/MS-Square-400x400.jpg,jpg,2015-10-05 09:48:53,7489
logo_gold_partner,https://www.mandsconsulting.com/wp-content/uploads/logo_gold_partner1.png,png,2015-10-05 10:07:16,7503
microsoft_partner_logo,https://www.mandsconsulting.com/wp-content/uploads/microsoft_partner_logo1.gif,gif,2015-10-05 10:09:41,7506
banner-904884_1280,https://www.mandsconsulting.com/wp-content/uploads/banner-904884_12801.jpg,jpg,2015-10-05 10:14:08,7510
APN_Standard-Consulting-Partner-200x86,https://www.mandsconsulting.com/wp-content/uploads/APN_Standard-Consulting-Partner-200x862.png,png,2015-10-05 10:15:51,7512
,https://www.mandsconsulting.com/wp-content/uploads/portrait-of-man-scratching-head.jpg,jpg,2015-10-05 10:17:34,7518
VMW_09Q4_LGO_PARTNER_SOLUTION_PROVIDER_PRO_PRO_REV-200x1471,https://www.mandsconsulting.com/wp-content/uploads/VMW_09Q4_LGO_PARTNER_SOLUTION_PROVIDER_PRO_PRO_REV-200x14712.png,png,2015-10-05 10:18:49,7520
Cloud_Alliance_Partner_rgb-200x87,https://www.mandsconsulting.com/wp-content/uploads/Cloud_Alliance_Partner_rgb-200x871.png,png,2015-10-05 10:22:25,7521
Hor_RGBLogo,https://www.mandsconsulting.com/wp-content/uploads/Hor_RGBLogo1.gif,gif,2015-10-05 10:24:13,7522
cloud-computing-marketing-concept,https://www.mandsconsulting.com/wp-content/uploads/cloud-computing-marketing-concept.jpg,jpg,2015-10-05 14:00:21,7607
touch-screen-tablet-with-pie-chart-icon,https://www.mandsconsulting.com/wp-content/uploads/touch-screen-tablet-with-pie-chart-icon.jpg,jpg,2015-10-05 14:25:49,7611
Speedboat-BlueGrad-1900x700,https://www.mandsconsulting.com/wp-content/uploads/Speedboat-BlueGrad-1900x700.jpg,jpg,2015-10-05 14:31:59,7615
gear-192875_1280,https://www.mandsconsulting.com/wp-content/uploads/gear-192875_12801.jpg,jpg,2015-10-05 14:32:29,7616
Big-Data-11,https://www.mandsconsulting.com/wp-content/uploads/Big-Data-111.jpg,jpg,2015-10-05 14:55:59,7625
clouds-nature_00354581,https://www.mandsconsulting.com/wp-content/uploads/clouds-nature_00354581.jpg,jpg,2015-10-05 15:12:36,7642
clouds-nature_00354581,https://www.mandsconsulting.com/wp-content/uploads/clouds-nature_003545811.jpg,jpg,2015-10-05 15:15:41,7645
TEKids-Sticker-4in,https://www.mandsconsulting.com/wp-content/uploads/TEKids-Sticker-4in.pdf,pdf,2015-10-05 15:30:22,7651
TEKids-Sticker-4in,https://www.mandsconsulting.com/wp-content/uploads/TEKids-Sticker-4in.png,png,2015-10-05 15:31:56,7652
cloud-computing-marketing-concept,https://www.mandsconsulting.com/wp-content/uploads/cloud-computing-marketing-concept1.jpg,jpg,2015-10-05 15:41:41,7656
social-network (1),https://www.mandsconsulting.com/wp-content/uploads/social-network-1.jpg,jpg,2015-10-05 16:00:48,7662
social-network (1),https://www.mandsconsulting.com/wp-content/uploads/social-network-11.jpg,jpg,2015-10-05 16:02:23,7663
MS-Square-144x144,https://www.mandsconsulting.com/wp-content/uploads/MS-Square-144x144.jpg,jpg,2015-10-06 09:47:40,7698
MS-Square-152x152,https://www.mandsconsulting.com/wp-content/uploads/MS-Square-152x152.jpg,jpg,2015-10-06 09:47:43,7699
002c77,https://www.mandsconsulting.com/wp-content/uploads/002c77.png,png,2015-10-06 11:41:07,7710
tp,https://www.mandsconsulting.com/wp-content/uploads/tp.jpg,jpg,2015-10-06 17:50:56,7755
cloud-service1,https://www.mandsconsulting.com/wp-content/uploads/cloud-service11.jpg,jpg,2015-10-07 16:45:18,7796
img_561ea4ab1e377,https://www.mandsconsulting.com/wp-content/uploads/img_561ea4ab1e377.png,png,2015-10-14 14:53:31,7821
img_561ea4b1791ba,https://www.mandsconsulting.com/wp-content/uploads/img_561ea4b1791ba.png,png,2015-10-14 14:53:37,7822
Traditional Higher Education ERP,https://www.mandsconsulting.com/wp-content/uploads/ERP-HigherEd.png,png,2015-10-14 17:36:49,7826
Best of Breed Higher Education ERP,https://www.mandsconsulting.com/wp-content/uploads/ERP-HigherEd2.png,png,2015-10-14 17:36:50,7827
Cloud Future of Higher Education ERP,https://www.mandsconsulting.com/wp-content/uploads/ERP-HigherEd3.png,png,2015-10-14 17:36:51,7828
ERP in Higher Education,https://www.mandsconsulting.com/wp-content/uploads/AdobeStock_69147080.jpeg,jpeg,2015-10-15 11:01:42,7836
German_Sailing_Grand_Prix_2006_Oracle-2,https://www.mandsconsulting.com/wp-content/uploads/German_Sailing_Grand_Prix_2006_Oracle-2.jpg,jpg,2015-10-15 11:51:52,7845
Oracle openworld exhibits,https://www.mandsconsulting.com/wp-content/uploads/4005791507_57b3e310ff_b.jpg,jpg,2015-10-15 11:54:28,7847
open world,https://www.mandsconsulting.com/wp-content/uploads/open-world.png,png,2015-10-15 11:57:15,7848
TEKids-BackgroundTemplate,https://www.mandsconsulting.com/wp-content/uploads/TEKids-BackgroundTemplate.jpg,jpg,2015-10-15 15:31:15,7878
246252433_1090cc1000_b,https://www.mandsconsulting.com/wp-content/uploads/246252433_1090cc1000_b.jpg,jpg,2015-10-15 16:52:09,7895
4861966991_a1e4f7b335_b,https://www.mandsconsulting.com/wp-content/uploads/4861966991_a1e4f7b335_b.jpg,jpg,2015-10-15 16:53:30,7896
TEKids-Air-Boticists-Badge,https://www.mandsconsulting.com/wp-content/uploads/TEKids-Air-Boticists-Badge.png,png,2015-10-16 10:23:34,7908
OOW-BlueGrad-1900x700,https://www.mandsconsulting.com/wp-content/uploads/OOW-BlueGrad-1900x700.jpg,jpg,2015-10-16 10:33:57,7914
african-operator-with-headset-as-customer-service,https://www.mandsconsulting.com/wp-content/uploads/african-operator-with-headset-as-customer-service.jpg,jpg,2015-10-19 11:14:47,7929
idea-presentation-for-gadgets,https://www.mandsconsulting.com/wp-content/uploads/idea-presentation-for-gadgets.jpg,jpg,2015-10-19 11:37:54,7930
businessman-considering-a-brainstorm-for-marketing,https://www.mandsconsulting.com/wp-content/uploads/businessman-considering-a-brainstorm-for-marketing.jpg,jpg,2015-10-19 11:56:09,7932
business-and-website-development-doodles-elements (1),https://www.mandsconsulting.com/wp-content/uploads/business-and-website-development-doodles-elements-1.jpg,jpg,2015-10-19 12:19:36,7933
business-and-website-development-doodles-elements (1),https://www.mandsconsulting.com/wp-content/uploads/business-and-website-development-doodles-elements-11.jpg,jpg,2015-10-19 12:21:57,7934
business-and-website-development-doodles-elements (1),https://www.mandsconsulting.com/wp-content/uploads/business-and-website-development-doodles-elements-12.jpg,jpg,2015-10-19 12:26:43,7936
conceptual-numbers,https://www.mandsconsulting.com/wp-content/uploads/conceptual-numbers.jpg,jpg,2015-10-19 12:46:27,7941
conceptual-numbers,https://www.mandsconsulting.com/wp-content/uploads/conceptual-numbers1.jpg,jpg,2015-10-19 12:48:09,7942
,https://www.mandsconsulting.com/wp-content/uploads/business-buildings.jpg,jpg,2015-10-19 20:47:33,7956
alien-abstract-portal-background,https://www.mandsconsulting.com/wp-content/uploads/alien-abstract-portal-background.jpg,jpg,2015-10-20 13:27:01,8474
blue-data-network-internet,https://www.mandsconsulting.com/wp-content/uploads/blue-data-network-internet.jpg,jpg,2015-10-20 13:27:03,8475
business-portal,https://www.mandsconsulting.com/wp-content/uploads/business-portal.jpg,jpg,2015-10-20 13:27:05,8476
clouds-on-the-horizon,https://www.mandsconsulting.com/wp-content/uploads/clouds-on-the-horizon.jpg,jpg,2015-10-20 13:27:06,8477
customer-service-representative-holding-a-blank-card,https://www.mandsconsulting.com/wp-content/uploads/customer-service-representative-holding-a-blank-card.jpg,jpg,2015-10-20 13:27:08,8478
dog-poodle,https://www.mandsconsulting.com/wp-content/uploads/dog-poodle.jpg,jpg,2015-10-20 13:27:10,8479
orange-techno-grunge-background,https://www.mandsconsulting.com/wp-content/uploads/orange-techno-grunge-background.jpg,jpg,2015-10-20 13:27:13,8480
smoking-genie-lamp,https://www.mandsconsulting.com/wp-content/uploads/smoking-genie-lamp.jpg,jpg,2015-10-20 13:27:16,8481
white,https://www.mandsconsulting.com/wp-content/uploads/white.png,png,2015-10-20 16:38:00,8495
white,https://www.mandsconsulting.com/wp-content/uploads/white1.png,png,2015-10-20 16:38:28,8496
white,https://www.mandsconsulting.com/wp-content/uploads/white2.png,png,2015-10-20 16:40:18,8497
white,https://www.mandsconsulting.com/wp-content/uploads/white3.png,png,2015-10-20 16:41:00,8498
white,https://www.mandsconsulting.com/wp-content/uploads/white4.png,png,2015-10-20 16:42:03,8499
OOW,https://www.mandsconsulting.com/wp-content/uploads/OOW.jpg,jpg,2015-10-20 17:00:03,8501
M&S Consulting Educause 2015,https://www.mandsconsulting.com/wp-content/uploads/Educause2015.png,png,2015-10-21 12:27:01,8521
ERP-systems,https://www.mandsconsulting.com/wp-content/uploads/ERP-systems.jpg,jpg,2015-10-22 12:40:08,8547
Erp_banner,https://www.mandsconsulting.com/wp-content/uploads/Erp_banner.jpg,jpg,2015-10-22 12:42:35,8548
ERP-HigherEd3,https://www.mandsconsulting.com/wp-content/uploads/ERP-HigherEd31.png,png,2015-10-22 12:47:27,8549
business-and-website-development-doodles-elements,https://www.mandsconsulting.com/wp-content/uploads/business-and-website-development-doodles-elements.jpg,jpg,2015-10-22 13:02:16,8551
business-and-website-development-doodles-elements,https://www.mandsconsulting.com/wp-content/uploads/business-and-website-development-doodles-elements1.jpg,jpg,2015-10-22 13:05:11,8552
cloud-service1,https://www.mandsconsulting.com/wp-content/uploads/cloud-service12.jpg,jpg,2015-10-22 13:16:12,8554
partnership-512,https://www.mandsconsulting.com/wp-content/uploads/partnership-512.png,png,2015-10-22 13:51:02,8565
DownloadID,https://www.mandsconsulting.com/wp-content/uploads/DownloadID.png,png,2015-10-22 14:38:25,8582
Contact Form ID,https://www.mandsconsulting.com/wp-content/uploads/Contact-Form-ID.png,png,2015-10-22 14:39:07,8583
Page,https://www.mandsconsulting.com/wp-content/uploads/Page.png,png,2015-10-22 14:39:30,8584
cloud-service1,https://www.mandsconsulting.com/wp-content/uploads/cloud-service13.jpg,jpg,2015-10-22 14:57:11,8589
cloud-service1,https://www.mandsconsulting.com/wp-content/uploads/cloud-service14.jpg,jpg,2015-10-22 15:43:30,8592
cloud-service1,https://www.mandsconsulting.com/wp-content/uploads/cloud-service15.jpg,jpg,2015-10-22 17:01:15,8617
M&S Consulting Higher Education,https://www.mandsconsulting.com/wp-content/uploads/HigherEd-BlueGrad-1900x700.jpg,jpg,2015-10-27 15:23:09,8667
M&S Consulting Educause 2015,https://www.mandsconsulting.com/wp-content/uploads/Educause2015.jpg,jpg,2015-10-27 17:10:56,8684
educause 2015 conference,https://www.mandsconsulting.com/wp-content/uploads/educause2015-sq.jpg,jpg,2015-10-27 17:33:38,8688
EDUCAUSE Corporate Member,https://www.mandsconsulting.com/wp-content/uploads/EDUCAUSE-Corporate-Member-Icon.png,png,2015-11-04 17:06:51,8765
Courion Logo,https://www.mandsconsulting.com/wp-content/uploads/Courion-Logo.jpg,jpg,2015-11-09 14:07:20,8827
SailPoint logo,https://www.mandsconsulting.com/wp-content/uploads/app-thumb-sailpoint.png,png,2015-11-09 14:31:38,8832
IDaaS Cloud Identity Management  Vendor Product Feature Matrix 2015,https://www.mandsconsulting.com/wp-content/uploads/IDaaS-Cloud-Identity-Management-Vendor-Product-Feature-Matrix.png,png,2015-11-11 11:51:52,9055
IdAM - On Premise - Vendor Product Feature Matrix,https://www.mandsconsulting.com/wp-content/uploads/IdAM-On-Premise-Vendor-Product-Feature-Matrix.png,png,2015-11-11 11:51:57,9056
Identity and Access Management,https://www.mandsconsulting.com/wp-content/uploads/security-keyboard-button.jpg,jpg,2015-11-12 16:00:20,9079
Cloud Computing,https://www.mandsconsulting.com/wp-content/uploads/cloud-computing-graphic-with-icons.jpg,jpg,2015-11-12 16:08:42,9081
Oracle Enterprise Manager Getting Started,https://www.mandsconsulting.com/wp-content/uploads/Screen-Shot-2015-11-12-at-9.32.37-AM.png,png,2015-11-13 12:14:09,9087
Enterprise Manager Cloud Control,https://www.mandsconsulting.com/wp-content/uploads/Screen-Shot-2015-11-12-at-9.30.44-AM.png,png,2015-11-13 12:14:11,9088
Oracle Enterprise Manager Getting Started,https://www.mandsconsulting.com/wp-content/uploads/img_56460cd98cd3b.png,png,2015-11-13 12:16:25,9089
Oracle Enterprise Manager 12.0.5 details,https://www.mandsconsulting.com/wp-content/uploads/img_56460cefdb0fb.png,png,2015-11-13 12:16:47,9090
Enterprise Manager Cloud Control,https://www.mandsconsulting.com/wp-content/uploads/img_56460d5b47b6c.png,png,2015-11-13 12:18:35,9092
Enterprise Manager Cloud Control,https://www.mandsconsulting.com/wp-content/uploads/img_56460d5b47b6c1.png,png,2015-11-13 15:09:31,9099
Enterprise Manager Cloud Control,https://www.mandsconsulting.com/wp-content/uploads/img_56460d5b47b6c2.png,png,2015-11-13 15:10:15,9101
Ashok Aggarwal,https://www.mandsconsulting.com/wp-content/uploads/AshokA-Team.jpg,jpg,2015-11-16 12:13:37,9120
Ligthening Blog snapshot,https://www.mandsconsulting.com/wp-content/uploads/Ligthening-Blog-snapshot.png,png,2015-11-19 00:03:20,9163
ExternalApps,https://www.mandsconsulting.com/wp-content/uploads/ExternalApps.png,png,2015-11-20 18:06:03,9181
ExternalApps2,https://www.mandsconsulting.com/wp-content/uploads/ExternalApps2.png,png,2015-11-20 18:25:37,9185
Salesforce-Cloud-Alliance-Partner,https://www.mandsconsulting.com/wp-content/uploads/Salesforce-Cloud-Alliance-Partner.png,png,2015-11-24 15:20:15,9222
ExtApp,https://www.mandsconsulting.com/wp-content/uploads/ExtApp.png,png,2015-11-24 15:28:46,9231
Word Cloud Summary,https://www.mandsconsulting.com/wp-content/uploads/img_56560a6904fdb.png,png,2015-11-25 15:22:17,9247
Word Cloud summary,https://www.mandsconsulting.com/wp-content/uploads/img_56560a6ba1aa0.png,png,2015-11-25 15:22:19,9248
World Cloud summary,https://www.mandsconsulting.com/wp-content/uploads/img_56560a6eb48bc.png,png,2015-11-25 15:22:22,9249
Word Cloud blog summary,https://www.mandsconsulting.com/wp-content/uploads/img_56560a733ce7d.png,png,2015-11-25 15:22:27,9250
black Friday,https://www.mandsconsulting.com/wp-content/uploads/blackFriday.png,png,2015-11-25 15:25:40,9251
cyber Monday,https://www.mandsconsulting.com/wp-content/uploads/cyberMonday.png,png,2015-11-25 15:25:42,9252
giving Tuesday word cloud,https://www.mandsconsulting.com/wp-content/uploads/givingTuesday.png,png,2015-11-25 15:25:45,9253
Amazon Webservices Logo,https://www.mandsconsulting.com/wp-content/uploads/AmazonWebservices_Logo.png,png,2015-11-25 16:46:41,9267
microsoft azure logo,https://www.mandsconsulting.com/wp-content/uploads/microsoft-azure-logo.jpg,jpg,2015-11-25 16:46:46,9268
oracle logo,https://www.mandsconsulting.com/wp-content/uploads/oracle-logo.gif,gif,2015-11-25 17:03:35,9279
rackspace-logo-e26c68d3f43b6c9f077ae143f9b6f171,https://www.mandsconsulting.com/wp-content/uploads/rackspace-logo-e26c68d3f43b6c9f077ae143f9b6f171.png,png,2015-11-25 17:03:37,9280
google,https://www.mandsconsulting.com/wp-content/uploads/google.jpg,jpg,2015-11-25 17:09:17,9283
logoCenturyLink,https://www.mandsconsulting.com/wp-content/uploads/logoCenturyLink.gif,gif,2015-11-25 17:13:39,9286
IoT_Matrix,https://www.mandsconsulting.com/wp-content/uploads/IoT_Matrix.png,png,2015-12-28 11:41:52,9538
IoT_Matrix,https://www.mandsconsulting.com/wp-content/uploads/IoT_Matrix-1.png,png,2015-12-28 11:57:47,9540
LARGE_elevation,https://www.mandsconsulting.com/wp-content/uploads/LARGE_elevation.jpg,jpg,2015-12-31 12:00:50,9559
Windows 10 Mechanical Hard Drive to SSD,https://www.mandsconsulting.com/wp-content/uploads/MHD-SSD-W10.jpg,jpg,2016-02-15 13:21:57,10011
Bluemix Dashboard,https://www.mandsconsulting.com/wp-content/uploads/BluemixDashScreenshot.png,png,2016-02-17 16:48:22,10047
M&S Consulting COLLABORATE 16 Official Exhibitor - Square,https://www.mandsconsulting.com/wp-content/uploads/COLLABORATE-16-Official-Exhibitor-Square.jpg,jpg,2016-03-07 17:38:47,10256
COLLABORATE 16 Email Signature Logo,https://www.mandsconsulting.com/wp-content/uploads/COLLABORATE-16-Email-Signature-Logo.png,png,2016-03-07 17:40:28,10257
Oracle-Cloud-Logo,https://www.mandsconsulting.com/wp-content/uploads/Oracle-Cloud-Logo-1.jpg,jpg,2016-03-18 16:20:34,10403
Oracle Cloud,https://www.mandsconsulting.com/wp-content/uploads/photo1.png,png,2016-03-18 16:23:37,10404
cloudgs_SOA,https://www.mandsconsulting.com/wp-content/uploads/cloudgs_SOA.png,png,2016-03-18 16:52:40,10408
Sites,https://www.mandsconsulting.com/wp-content/uploads/Sites.png,png,2016-03-18 16:59:17,10409
soa,https://www.mandsconsulting.com/wp-content/uploads/soa.png,png,2016-03-18 16:59:18,10410
chainlink-,https://www.mandsconsulting.com/wp-content/uploads/chainlink-.jpg,jpg,2016-03-22 16:31:40,10453
information-security,https://www.mandsconsulting.com/wp-content/uploads/information-security.jpg,jpg,2016-03-22 16:54:50,10455
governance,https://www.mandsconsulting.com/wp-content/uploads/governance.jpg,jpg,2016-03-22 16:55:58,10456
Oracle Data Visualization,https://www.mandsconsulting.com/wp-content/uploads/Screen-Shot-2016-04-13-at-1.58.18-PM.png,png,2016-04-13 15:14:41,10681
Cloud devices,https://www.mandsconsulting.com/wp-content/uploads/Screen-Shot-2016-04-13-at-2.06.44-PM.png,png,2016-04-13 15:19:29,10682
Screen Shot 2016-04-13 at 3.39.16 PM,https://www.mandsconsulting.com/wp-content/uploads/Screen-Shot-2016-04-13-at-3.39.16-PM.png,png,2016-04-13 15:39:39,10684
darkGreenCircle,https://www.mandsconsulting.com/wp-content/uploads/darkGreenCircle.png,png,2016-04-19 17:09:51,10784
yellowCircle,https://www.mandsconsulting.com/wp-content/uploads/yellowCircle.png,png,2016-04-19 17:22:50,10787
lightGreenCircle,https://www.mandsconsulting.com/wp-content/uploads/lightGreenCircle.png,png,2016-04-19 17:27:22,10789
greyCircle,https://www.mandsconsulting.com/wp-content/uploads/greyCircle.png,png,2016-04-19 17:31:18,10791
flow,https://www.mandsconsulting.com/wp-content/uploads/flow.png,png,2016-04-25 12:30:44,10842
Assist me,https://www.mandsconsulting.com/wp-content/uploads/Assist-me.png,png,2016-04-25 12:35:33,10843
Flow Interface,https://www.mandsconsulting.com/wp-content/uploads/Flow-Interface.png,png,2016-04-25 12:36:14,10844
Flow Diagram,https://www.mandsconsulting.com/wp-content/uploads/Flow-Diagram.png,png,2016-04-25 12:36:35,10845
H2O,https://www.mandsconsulting.com/wp-content/uploads/H2O.png,png,2016-04-25 12:42:12,10847
H2O,https://www.mandsconsulting.com/wp-content/uploads/H2O-1.png,png,2016-04-25 12:43:02,10848
before_run,https://www.mandsconsulting.com/wp-content/uploads/before_run.png,png,2016-05-04 16:39:51,10942
after_run,https://www.mandsconsulting.com/wp-content/uploads/after_run.png,png,2016-05-04 16:40:03,10943
jupyter,https://www.mandsconsulting.com/wp-content/uploads/jupyter.png,png,2016-05-04 16:49:45,10950
example_before,https://www.mandsconsulting.com/wp-content/uploads/example_before.png,png,2016-05-04 17:05:03,10951
example_after,https://www.mandsconsulting.com/wp-content/uploads/example_after.png,png,2016-05-04 17:05:49,10952
IoT_key,https://www.mandsconsulting.com/wp-content/uploads/IoT_key.png,png,2016-05-12 10:39:01,11044
M&S-Consulting-HUBZone-Certified,https://www.mandsconsulting.com/wp-content/uploads/2016-HUBZone.jpg,jpg,2016-06-15 17:17:52,11497
Internet of Things,https://www.mandsconsulting.com/wp-content/uploads/IoT-BlueGrad-1900x700.jpg,jpg,2016-07-14 11:33:38,11786
Charts and graphs,https://www.mandsconsulting.com/wp-content/uploads/allchartssessionrecording.png,png,2016-07-14 11:49:44,11792
USA-Cycling,https://www.mandsconsulting.com/wp-content/uploads/USA-Cycling-Logo.png,png,2016-07-14 11:54:39,11793
Industrial Internet of Things Platform Comparison,https://www.mandsconsulting.com/wp-content/uploads/Industrial-Internet-of-Things-Platform-Comparison.png,png,2016-07-14 12:00:41,11794
WL-Logo-300x80,https://www.mandsconsulting.com/wp-content/uploads/WL-Logo-300x80.png,png,2016-07-20 11:25:02,11869
,https://www.mandsconsulting.com/wp-content/uploads/question-mark-over-stormy-landscape-background.jpg,jpg,2016-07-23 15:43:40,11914
img_57aa412211d6c,https://www.mandsconsulting.com/wp-content/uploads/img_57aa412211d6c.png,png,2016-08-09 16:46:26,12098
img_57aa413b3129f,https://www.mandsconsulting.com/wp-content/uploads/img_57aa413b3129f.png,png,2016-08-09 16:46:51,12099
img_57aa413ce3339,https://www.mandsconsulting.com/wp-content/uploads/img_57aa413ce3339.png,png,2016-08-09 16:46:52,12100
img_57aa413e48801,https://www.mandsconsulting.com/wp-content/uploads/img_57aa413e48801.png,png,2016-08-09 16:46:54,12101
img_57aa414169f1c,https://www.mandsconsulting.com/wp-content/uploads/img_57aa414169f1c.png,png,2016-08-09 16:46:57,12102
img_57aa41475e947,https://www.mandsconsulting.com/wp-content/uploads/img_57aa41475e947.png,png,2016-08-09 16:47:03,12103
img_57aa415288a2b,https://www.mandsconsulting.com/wp-content/uploads/img_57aa415288a2b.png,png,2016-08-09 16:47:14,12104
img_57aa4168c31ca,https://www.mandsconsulting.com/wp-content/uploads/img_57aa4168c31ca.png,png,2016-08-09 16:47:36,12105
img_57aa41794a9c1,https://www.mandsconsulting.com/wp-content/uploads/img_57aa41794a9c1.png,png,2016-08-09 16:47:53,12106
img_57aa41844e0f9,https://www.mandsconsulting.com/wp-content/uploads/img_57aa41844e0f9.png,png,2016-08-09 16:48:04,12107
digital-security-lock,https://www.mandsconsulting.com/wp-content/uploads/digital-security-lock.jpg,jpg,2016-08-09 17:11:05,12113
5 Day Quick Start Implementation,https://www.mandsconsulting.com/wp-content/uploads/Desk-with-flowers.jpg,jpg,2016-09-06 16:56:27,12350
finance-icons-vector-illustration,https://www.mandsconsulting.com/wp-content/uploads/finance-icons-vector-illustration.jpg,jpg,2016-09-15 14:30:33,12588
google cloud,https://www.mandsconsulting.com/wp-content/uploads/2016-09-29_16-33-55.png,png,2016-09-29 16:36:37,12822
2016-09-29_16-40-26,https://www.mandsconsulting.com/wp-content/uploads/2016-09-29_16-40-26.png,png,2016-09-29 17:01:41,12824
"“X” is for Extensibility, Ellucian XE for Banner",https://www.mandsconsulting.com/wp-content/uploads/university-student-using-laptop.jpg,jpg,2016-10-03 17:34:39,12867
,https://www.mandsconsulting.com/wp-content/uploads/university-student-using-laptop-1.jpg,jpg,2016-10-03 17:35:34,12869
,https://www.mandsconsulting.com/wp-content/uploads/university-student-using-laptop-2.jpg,jpg,2016-10-03 17:39:31,12871
devops-overview,https://www.mandsconsulting.com/wp-content/uploads/Devops-overview.png,png,2016-10-06 15:47:11,12921
what-is-devops-34-638,https://www.mandsconsulting.com/wp-content/uploads/what-is-devops-34-638.jpg,jpg,2016-10-06 15:54:27,12923
what-is-devops-34-638,https://www.mandsconsulting.com/wp-content/uploads/what-is-devops-34-638-1.jpg,jpg,2016-10-06 15:54:59,12924
570495-slide1,https://www.mandsconsulting.com/wp-content/uploads/570495-slide1.png,png,2016-10-06 16:03:51,12928
570495-slide1,https://www.mandsconsulting.com/wp-content/uploads/570495-slide1-1.png,png,2016-10-06 16:07:17,12931
custom-object,https://www.mandsconsulting.com/wp-content/uploads/Custom-Object.jpg,jpg,2016-10-10 16:45:16,13033
custom-workflow-rule,https://www.mandsconsulting.com/wp-content/uploads/Custom-Workflow-Rule.jpg,jpg,2016-10-10 17:01:25,13036
custom-report-type,https://www.mandsconsulting.com/wp-content/uploads/Custom-Report-Type.jpg,jpg,2016-10-10 17:02:26,13038
custom-approval-process,https://www.mandsconsulting.com/wp-content/uploads/Custom-Approval-Process.jpg,jpg,2016-10-10 17:03:40,13040
custom-fields-package,https://www.mandsconsulting.com/wp-content/uploads/Custom-Fields-Package.jpg,jpg,2016-10-10 17:04:09,13041
custom-dashboard,https://www.mandsconsulting.com/wp-content/uploads/Custom-Dashboard.jpg,jpg,2016-10-10 17:05:56,13043
5-day-imp-package,https://www.mandsconsulting.com/wp-content/uploads/5-Day-Imp-Package.jpg,jpg,2016-10-10 17:10:27,13045
adoption-package,https://www.mandsconsulting.com/wp-content/uploads/Adoption-Package.jpg,jpg,2016-10-14 09:29:21,13141
IDaaS Cloud Identity Management  Vendor Product Feature Matrix 2016,https://www.mandsconsulting.com/wp-content/uploads/IDaaSMatrix_2016.png,png,2016-10-31 16:47:53,13379
fin,https://www.mandsconsulting.com/wp-content/uploads/fin.png,png,2016-11-02 16:52:20,13408
idcs,https://www.mandsconsulting.com/wp-content/uploads/idcs.png,png,2016-11-02 16:52:21,13409
int,https://www.mandsconsulting.com/wp-content/uploads/int.png,png,2016-11-02 16:52:23,13410
soa,https://www.mandsconsulting.com/wp-content/uploads/soa-1.png,png,2016-11-02 16:55:12,13411
cloud-service11,https://www.mandsconsulting.com/wp-content/uploads/cloud-service11.png,png,2016-11-22 13:17:51,13657
highered,https://www.mandsconsulting.com/wp-content/uploads/HigherEd.jpg,jpg,2016-11-22 13:18:23,13658
IoT,https://www.mandsconsulting.com/wp-content/uploads/2016-11-22.jpg,jpg,2016-11-22 13:18:47,13659
cincinnati-skyline-3,https://www.mandsconsulting.com/wp-content/uploads/cincinnati-skyline-3.jpg,jpg,2016-12-07 13:05:26,13806
311-all,https://www.mandsconsulting.com/wp-content/uploads/311-all.png,png,2016-12-07 14:36:35,13809
311-fall,https://www.mandsconsulting.com/wp-content/uploads/311-fall.png,png,2016-12-07 14:51:25,13817
311-winter,https://www.mandsconsulting.com/wp-content/uploads/311-winter.png,png,2016-12-07 14:51:31,13818
311-spring,https://www.mandsconsulting.com/wp-content/uploads/311-spring.png,png,2016-12-07 14:51:35,13819
311-summer,https://www.mandsconsulting.com/wp-content/uploads/311-summer.png,png,2016-12-07 14:53:51,13820
quick-start-development,https://www.mandsconsulting.com/wp-content/uploads/quick-start-development.jpg,jpg,2016-12-19 16:47:00,13940
vmware-Cloud-Technologies,https://www.mandsconsulting.com/wp-content/uploads/Cloud-Technologies.png,png,2017-02-01 13:41:29,14004
AWS-Consulting-Partner,https://www.mandsconsulting.com/wp-content/uploads/Cloud-Technologies2.png,png,2017-02-01 13:41:31,14005
IBM-Bluemix,https://www.mandsconsulting.com/wp-content/uploads/Cloud-Technologies3.png,png,2017-02-01 13:41:32,14006
Microsoft-Azure-Cloud,https://www.mandsconsulting.com/wp-content/uploads/Cloud-Technologies4.png,png,2017-02-01 13:41:33,14007
Google Cloud PLatform PaaS,https://www.mandsconsulting.com/wp-content/uploads/Cloud-Technologies5.png,png,2017-02-01 16:10:54,14009
Cloud-Technology-SaaS-Office 365,https://www.mandsconsulting.com/wp-content/uploads/Cloud-Technology-SaaS.png,png,2017-02-01 16:53:01,14012
Cloud-Technology-SaaS Google G Suite,https://www.mandsconsulting.com/wp-content/uploads/Cloud-Technology-SaaS2.png,png,2017-02-01 16:53:02,14013
Cloud-Technology-SaaS Wordpress,https://www.mandsconsulting.com/wp-content/uploads/Cloud-Technology-SaaS3.png,png,2017-02-01 16:53:04,14014
Cloud-Technology-SaaS Drupal,https://www.mandsconsulting.com/wp-content/uploads/Cloud-Technology-SaaS4.png,png,2017-02-01 16:53:06,14015
Cloud-Technology-SaaS Magento,https://www.mandsconsulting.com/wp-content/uploads/Cloud-Technology-SaaS5.png,png,2017-02-01 16:53:07,14016
Cloud-Technology-SaaS Squarespace,https://www.mandsconsulting.com/wp-content/uploads/Cloud-Technology-SaaS6.png,png,2017-02-01 16:53:08,14017
873100222_dea26cd393_b,https://www.mandsconsulting.com/wp-content/uploads/873100222_dea26cd393_b-e1485985703525.jpg,jpg,2017-02-01 17:45:47,14024
,https://www.mandsconsulting.com/wp-content/uploads/modern-glass-roof-with-blue-sky-and-sun.jpg,jpg,2017-02-07 17:39:58,14039
,https://www.mandsconsulting.com/wp-content/uploads/modern-glass-roof-with-blue-sky-and-sun-1.jpg,jpg,2017-02-07 17:40:18,14040
Cloud-Technologies-AWS,https://www.mandsconsulting.com/wp-content/uploads/Cloud-Technologies-AWS.png,png,2017-02-08 14:15:17,14049
Cloud-Technologies-Google,https://www.mandsconsulting.com/wp-content/uploads/Cloud-Technologies-Google.png,png,2017-02-08 14:15:18,14050
Cloud-Technologies-IBM,https://www.mandsconsulting.com/wp-content/uploads/Cloud-Technologies-IBM.png,png,2017-02-08 14:15:19,14051
Cloud-Technologies-Microsoft,https://www.mandsconsulting.com/wp-content/uploads/Cloud-Technologies-Microsoft.png,png,2017-02-08 14:15:22,14052
Cloud-Technologies-Oracle,https://www.mandsconsulting.com/wp-content/uploads/Cloud-Technologies-Oracle.png,png,2017-02-08 14:15:24,14053
Cloud-Technologies-VMware,https://www.mandsconsulting.com/wp-content/uploads/Cloud-Technologies-VMware.png,png,2017-02-08 14:15:26,14054
SAP Logo,https://www.mandsconsulting.com/wp-content/uploads/SAP-Logo.png,png,2017-02-17 15:53:11,14069
Okta_Logo,https://www.mandsconsulting.com/wp-content/uploads/Okta_Logo.png,png,2017-02-17 15:55:46,14070
IBM_Logo,https://www.mandsconsulting.com/wp-content/uploads/IBM_Logo.jpg,jpg,2017-02-17 16:19:27,14072
cert_program_rgb,https://www.mandsconsulting.com/wp-content/uploads/cert_program_rgb.png,png,2017-04-15 00:11:30,14103
OpenID Connect Flow Diagram,https://www.mandsconsulting.com/wp-content/uploads/OpenID-Connect-Flow-Diagram.png,png,2017-04-18 11:41:41,14117
Mutually Human SAML 2.0 Flow,https://www.mandsconsulting.com/wp-content/uploads/Mutually-Human-SAML-2.0-Flow.jpg,jpg,2017-04-18 12:05:28,14122
Mutually Human OAuth 2.0 Flow,https://www.mandsconsulting.com/wp-content/uploads/Mutually-Human-OAuth-2.0-Flow.jpg,jpg,2017-04-18 12:06:03,14123
JayM-Lead-2017,https://www.mandsconsulting.com/wp-content/uploads/JayM-Lead-2017.png,png,2017-05-23 11:57:34,14205
MandS-Logo-White,https://www.mandsconsulting.com/wp-content/uploads/MandS-Logo-White.svg,svg,2017-06-21 10:03:12,14238
Ashish.Kothari,https://www.mandsconsulting.com/wp-content/uploads/Ashish.Kothari.png,png,2017-06-21 10:18:41,14240
Blake.Willard,https://www.mandsconsulting.com/wp-content/uploads/Blake.Willard.png,png,2017-06-21 10:18:45,14241
Pete.Deremer,https://www.mandsconsulting.com/wp-content/uploads/Pete.Deremer.png,png,2017-06-21 10:18:51,14243
Shruti.Karat,https://www.mandsconsulting.com/wp-content/uploads/Shruti.Karat_.png,png,2017-06-21 10:18:54,14244
Ben.Marck,https://www.mandsconsulting.com/wp-content/uploads/Ben.Marck_.png,png,2017-06-21 12:32:18,14247
John.Cleveland,https://www.mandsconsulting.com/wp-content/uploads/John.Cleveland.png,png,2017-07-11 00:02:57,14254
OWSM-HTTPS-OAM,https://www.mandsconsulting.com/wp-content/uploads/OWSM-HTTPS-OAM.pdf,pdf,2017-07-11 18:05:45,14256
,https://www.mandsconsulting.com/wp-content/uploads/system-integration.jpg,jpg,2017-07-11 18:07:43,14261
favicon,https://www.mandsconsulting.com/wp-content/uploads/favicon.ico,ico,2017-07-13 13:38:26,14266
Daidre Fanis,https://www.mandsconsulting.com/wp-content/uploads/Daidre.Fanis_-2.png,png,2017-08-18 11:35:41,14284
Client-Logos-Website,https://www.mandsconsulting.com/wp-content/uploads/Client-Logos-Website.jpg,jpg,2017-08-24 17:29:11,14335
Client-Logos-Website2,https://www.mandsconsulting.com/wp-content/uploads/Client-Logos-Website2.jpg,jpg,2017-08-24 17:29:17,14336
Client-Logos-Website3,https://www.mandsconsulting.com/wp-content/uploads/Client-Logos-Website3.jpg,jpg,2017-08-24 17:29:22,14337
Client-Logos-Website4,https://www.mandsconsulting.com/wp-content/uploads/Client-Logos-Website4.jpg,jpg,2017-08-24 17:29:27,14338
Client-Logos-Website5,https://www.mandsconsulting.com/wp-content/uploads/Client-Logos-Website5.jpg,jpg,2017-08-24 17:29:32,14339
Client-Logos-Website6,https://www.mandsconsulting.com/wp-content/uploads/Client-Logos-Website6.jpg,jpg,2017-08-24 17:29:38,14340
Client-Logos-Website7,https://www.mandsconsulting.com/wp-content/uploads/Client-Logos-Website7.jpg,jpg,2017-08-24 17:29:43,14341
Client-Logos-Website8,https://www.mandsconsulting.com/wp-content/uploads/Client-Logos-Website8.jpg,jpg,2017-08-24 17:29:49,14342
Client-Logos-Website9,https://www.mandsconsulting.com/wp-content/uploads/Client-Logos-Website9.jpg,jpg,2017-08-24 17:29:56,14343
Client-Logos-Website10,https://www.mandsconsulting.com/wp-content/uploads/Client-Logos-Website10.jpg,jpg,2017-08-24 17:30:03,14344
Client-Logos-Website11,https://www.mandsconsulting.com/wp-content/uploads/Client-Logos-Website11.jpg,jpg,2017-08-24 17:30:10,14345
Client-Logos-Website12,https://www.mandsconsulting.com/wp-content/uploads/Client-Logos-Website12.jpg,jpg,2017-08-24 17:30:15,14346
Client-Logos-Website13,https://www.mandsconsulting.com/wp-content/uploads/Client-Logos-Website13.jpg,jpg,2017-08-24 17:30:19,14347
Client-Logos-Website14,https://www.mandsconsulting.com/wp-content/uploads/Client-Logos-Website14.jpg,jpg,2017-08-24 17:30:24,14348
Client-Logos-Website15,https://www.mandsconsulting.com/wp-content/uploads/Client-Logos-Website15.jpg,jpg,2017-08-24 17:30:30,14349
Client-Logos-Website16,https://www.mandsconsulting.com/wp-content/uploads/Client-Logos-Website16.jpg,jpg,2017-08-24 17:30:35,14350
Client-Logos-Website17,https://www.mandsconsulting.com/wp-content/uploads/Client-Logos-Website17.jpg,jpg,2017-08-24 17:30:42,14351
Client-Logos-Website18,https://www.mandsconsulting.com/wp-content/uploads/Client-Logos-Website18.jpg,jpg,2017-08-24 17:30:49,14352
Client-Logos-Website19,https://www.mandsconsulting.com/wp-content/uploads/Client-Logos-Website19.jpg,jpg,2017-08-24 17:30:57,14353
Client-Logos-Website20,https://www.mandsconsulting.com/wp-content/uploads/Client-Logos-Website20.jpg,jpg,2017-08-24 17:31:04,14354
Client-Logos-Website21,https://www.mandsconsulting.com/wp-content/uploads/Client-Logos-Website21.jpg,jpg,2017-08-24 17:31:08,14355
Client-Logos-Website22,https://www.mandsconsulting.com/wp-content/uploads/Client-Logos-Website22.jpg,jpg,2017-08-24 17:31:13,14356
Client-Logos-Website23,https://www.mandsconsulting.com/wp-content/uploads/Client-Logos-Website23.jpg,jpg,2017-08-24 17:31:18,14357
Client-Logos-Website24,https://www.mandsconsulting.com/wp-content/uploads/Client-Logos-Website24.jpg,jpg,2017-08-24 17:31:23,14358
Client-Logos-Website25,https://www.mandsconsulting.com/wp-content/uploads/Client-Logos-Website25.jpg,jpg,2017-08-24 17:31:28,14359
Client-Logos-Website26,https://www.mandsconsulting.com/wp-content/uploads/Client-Logos-Website26.jpg,jpg,2017-08-24 17:31:33,14360
Client-Logos-Website27,https://www.mandsconsulting.com/wp-content/uploads/Client-Logos-Website27.jpg,jpg,2017-08-24 17:31:37,14361
Client-Logos-Website28,https://www.mandsconsulting.com/wp-content/uploads/Client-Logos-Website28.jpg,jpg,2017-08-24 17:31:42,14362
Client-Logos-Website29,https://www.mandsconsulting.com/wp-content/uploads/Client-Logos-Website29.jpg,jpg,2017-08-24 17:31:46,14363
Client-Logos-Website30,https://www.mandsconsulting.com/wp-content/uploads/Client-Logos-Website30.jpg,jpg,2017-08-24 17:31:50,14364
Client-Logos-Website31,https://www.mandsconsulting.com/wp-content/uploads/Client-Logos-Website31.jpg,jpg,2017-08-24 17:31:59,14365
Client-Logos-Website32,https://www.mandsconsulting.com/wp-content/uploads/Client-Logos-Website32.jpg,jpg,2017-08-24 17:32:07,14366
Client-Logos-Website33,https://www.mandsconsulting.com/wp-content/uploads/Client-Logos-Website33.jpg,jpg,2017-08-24 17:32:12,14367
Client-Logos-Website34,https://www.mandsconsulting.com/wp-content/uploads/Client-Logos-Website34.jpg,jpg,2017-08-24 17:32:16,14368
Client-Logos-Website35,https://www.mandsconsulting.com/wp-content/uploads/Client-Logos-Website35.jpg,jpg,2017-08-24 17:32:21,14369
Client-Logos-Website36,https://www.mandsconsulting.com/wp-content/uploads/Client-Logos-Website36.jpg,jpg,2017-08-24 17:32:26,14370
Client-Logos-Website37,https://www.mandsconsulting.com/wp-content/uploads/Client-Logos-Website37.jpg,jpg,2017-08-24 17:32:30,14371
Client-Logos-Website38,https://www.mandsconsulting.com/wp-content/uploads/Client-Logos-Website38.jpg,jpg,2017-08-24 17:32:35,14372
Client-Logos-Website39,https://www.mandsconsulting.com/wp-content/uploads/Client-Logos-Website39.jpg,jpg,2017-08-24 17:32:38,14373
Client-Logos-Website40,https://www.mandsconsulting.com/wp-content/uploads/Client-Logos-Website40.jpg,jpg,2017-08-24 17:32:42,14374
Client-Logos-Website41,https://www.mandsconsulting.com/wp-content/uploads/Client-Logos-Website41.jpg,jpg,2017-08-24 17:32:50,14375
Client-Logos-Website42,https://www.mandsconsulting.com/wp-content/uploads/Client-Logos-Website42.jpg,jpg,2017-08-24 17:32:55,14376
Client-Logos-Website43,https://www.mandsconsulting.com/wp-content/uploads/Client-Logos-Website43.jpg,jpg,2017-08-24 17:33:01,14377
Client-Logos-Website44,https://www.mandsconsulting.com/wp-content/uploads/Client-Logos-Website44.jpg,jpg,2017-08-24 17:33:05,14378
Client-Logos-Website45,https://www.mandsconsulting.com/wp-content/uploads/Client-Logos-Website45.jpg,jpg,2017-08-24 17:33:09,14379
Client-Logos-Website46,https://www.mandsconsulting.com/wp-content/uploads/Client-Logos-Website46.jpg,jpg,2017-08-24 17:33:12,14380
Brandon.Jones,https://www.mandsconsulting.com/wp-content/uploads/Brandon.Jones_.png,png,2017-08-28 11:59:16,14393
Dell Boomi Logo,https://www.mandsconsulting.com/wp-content/uploads/VGmQlQYs_400x400.jpg,jpg,2017-09-20 09:43:26,14478
integration platform services header image,https://www.mandsconsulting.com/wp-content/uploads/Header-Integration.jpg,jpg,2017-09-20 16:22:19,14492
CIP-logos,https://www.mandsconsulting.com/wp-content/uploads/CIP-logos.png,png,2017-09-21 17:13:58,14505
CIP-logos,https://www.mandsconsulting.com/wp-content/uploads/CIP-logos.jpg,jpg,2017-09-21 17:15:35,14506
SSIP-logos,https://www.mandsconsulting.com/wp-content/uploads/SSIP-logos.jpg,jpg,2017-09-21 17:21:48,14507
Logos-iPaaS-Extra,https://www.mandsconsulting.com/wp-content/uploads/Logos-iPaaS-Extra.jpg,jpg,2017-09-21 17:48:18,14508
APN_Authorized Government Partner_Dark,https://www.mandsconsulting.com/wp-content/uploads/APN_Authorized-Government-Partner_Dark.png,png,2017-10-05 15:01:46,14523
APN_Authorized Government Partner,https://www.mandsconsulting.com/wp-content/uploads/APN_Authorized-Government-Partner.png,png,2017-10-05 15:01:49,14524
APN_Channel Partner_Dark,https://www.mandsconsulting.com/wp-content/uploads/APN_Channel-Partner_Dark.png,png,2017-10-05 15:01:54,14525
APN_Channel Partner,https://www.mandsconsulting.com/wp-content/uploads/APN_Channel-Partner.png,png,2017-10-05 15:01:57,14526
APN-Logo_Color_324x89,https://www.mandsconsulting.com/wp-content/uploads/APN-Logo_Color_324x89.png,png,2017-10-05 15:02:01,14527
AWS_Logo_Advanced_Consulting_Partner_Dark,https://www.mandsconsulting.com/wp-content/uploads/AWS_Logo_Advanced_Consulting_Partner_Dark.png,png,2017-10-05 15:02:04,14528
AWS_Logo_Advanced_Consulting_Partner,https://www.mandsconsulting.com/wp-content/uploads/AWS_Logo_Advanced_Consulting_Partner.png,png,2017-10-05 15:02:07,14529
ms,https://www.mandsconsulting.com/wp-content/uploads/ms.png,png,2017-12-03 23:09:39,14575
ms4,https://www.mandsconsulting.com/wp-content/uploads/ms4.js,js,2017-12-03 23:29:02,14576
ms1,https://www.mandsconsulting.com/wp-content/uploads/ms1.js,js,2017-12-03 23:30:12,14577
solution2,https://www.mandsconsulting.com/wp-content/uploads/solution2.png,png,2017-12-11 19:18:11,14594
solution1,https://www.mandsconsulting.com/wp-content/uploads/solution1.png,png,2017-12-11 19:18:44,14595
function1Output,https://www.mandsconsulting.com/wp-content/uploads/function1Output.png,png,2017-12-11 19:20:09,14596
,https://www.mandsconsulting.com/wp-content/uploads/road-dead-end.jpg,jpg,2017-12-13 12:39:34,14606
M&S-Badge-2017,https://www.mandsconsulting.com/wp-content/uploads/MS-Badge-2017.png,png,2017-12-19 18:06:30,14613
,https://www.mandsconsulting.com/wp-content/uploads/traffic-on-champs-elysee.jpg,jpg,2018-01-19 14:49:51,14622
,https://www.mandsconsulting.com/wp-content/uploads/traffic-on-champs-elysee-1.jpg,jpg,2018-01-19 14:50:51,14623
,https://www.mandsconsulting.com/wp-content/uploads/traffic-on-champs-elysee-2.jpg,jpg,2018-01-19 14:51:42,14625
ADS-hero-BlankDesktop-1920x1000,https://www.mandsconsulting.com/wp-content/uploads/ADS-hero-BlankDesktop-1920x1000.jpg,jpg,2018-02-15 12:49:02,14703
,https://www.mandsconsulting.com/wp-content/uploads/the-french-town-of-anduze.jpg,jpg,2018-02-15 14:40:00,14710
,https://www.mandsconsulting.com/wp-content/uploads/the-french-town-of-anduze-1.jpg,jpg,2018-02-15 14:44:49,14712
MandS-Logo-Blue copy,https://www.mandsconsulting.com/wp-content/uploads/MandS-Logo-Blue-copy.svg,svg,2018-03-03 03:31:49,14718
M&S-Badge-2017,https://www.mandsconsulting.com/wp-content/uploads/MS-Badge-2017-1.png,png,2018-03-06 17:20:49,14720
Silver_Cloud_Alliance_Partner,https://www.mandsconsulting.com/wp-content/uploads/Silver_Cloud_Alliance_Partner.png,png,2018-03-06 18:47:44,14722
Client-Logos-Website47,https://www.mandsconsulting.com/wp-content/uploads/Client-Logos-Website47.jpg,jpg,2018-03-08 18:43:22,14730
Client-Logos-Website48,https://www.mandsconsulting.com/wp-content/uploads/Client-Logos-Website48.jpg,jpg,2018-03-08 18:43:22,14731
Client-Logos-Website49,https://www.mandsconsulting.com/wp-content/uploads/Client-Logos-Website49.jpg,jpg,2018-03-08 18:43:23,14732
Client-Logos-Website50,https://www.mandsconsulting.com/wp-content/uploads/Client-Logos-Website50.jpg,jpg,2018-03-08 18:43:24,14733
Client-Logos-Website51,https://www.mandsconsulting.com/wp-content/uploads/Client-Logos-Website51.jpg,jpg,2018-03-08 18:43:24,14734
Client-Logos-Website52,https://www.mandsconsulting.com/wp-content/uploads/Client-Logos-Website52.jpg,jpg,2018-03-08 18:43:25,14735
Mark.Wittkopp,https://www.mandsconsulting.com/wp-content/uploads/Mark.Wittkopp.png,png,2018-03-09 15:01:33,14747
MandS-favicon,https://www.mandsconsulting.com/wp-content/uploads/MandS-favicon.ico,ico,2018-03-12 10:03:03,14753
Nero-Logo,https://www.mandsconsulting.com/wp-content/uploads/Nero-Logo.png,png,2018-03-29 17:01:54,14785
Cloud-Technologies-AWS,https://www.mandsconsulting.com/wp-content/uploads/Cloud-Technologies-AWS-1.png,png,2018-03-29 17:35:40,14789
Cloud-Technologies-Google,https://www.mandsconsulting.com/wp-content/uploads/Cloud-Technologies-Google-1.png,png,2018-03-29 17:35:40,14790
Cloud-Technologies-IBM,https://www.mandsconsulting.com/wp-content/uploads/Cloud-Technologies-IBM-1.png,png,2018-03-29 17:35:41,14791
Cloud-Technologies-Microsoft,https://www.mandsconsulting.com/wp-content/uploads/Cloud-Technologies-Microsoft-1.png,png,2018-03-29 17:35:41,14792
Cloud-Technologies-Oracle,https://www.mandsconsulting.com/wp-content/uploads/Cloud-Technologies-Oracle-1.png,png,2018-03-29 17:35:42,14793
Cloud-Technologies-vmware,https://www.mandsconsulting.com/wp-content/uploads/Cloud-Technologies-vmware.png,png,2018-03-29 17:35:42,14794
Rich.Glass,https://www.mandsconsulting.com/wp-content/uploads/Rich.Glass_.png,png,2018-04-04 17:30:45,14830
filetype_documents-01,https://www.mandsconsulting.com/wp-content/uploads/filetype_documents-01.png,png,2018-04-05 16:14:00,14837
M&S Procure to Pay Assessment 2018-slick,https://www.mandsconsulting.com/wp-content/uploads/MS-Procure-to-Pay-Assessment-2018-slick.pdf,pdf,2018-04-05 16:30:25,14838
comparing apples procure-to-pay,https://www.mandsconsulting.com/wp-content/uploads/raquel-martinez-96648-unsplash-e1522961142728.jpg,jpg,2018-04-05 16:37:15,14839
Cloud-Technologies-Banner,https://www.mandsconsulting.com/wp-content/uploads/Cloud-Technologies-Banner.png,png,2018-04-06 17:39:27,14844
Cloud-Technologies-DellBoomi,https://www.mandsconsulting.com/wp-content/uploads/Cloud-Technologies-DellBoomi.png,png,2018-04-06 17:47:43,14847
,https://www.mandsconsulting.com/wp-content/uploads/wild-mountain-river.jpg,jpg,2018-04-23 15:11:07,14862
,https://www.mandsconsulting.com/wp-content/uploads/wild-mountain-river-1.jpg,jpg,2018-04-23 15:13:36,14863
4-Workflow Field Update,https://www.mandsconsulting.com/wp-content/uploads/4-Workflow-Field-Update.png,png,2018-04-23 15:25:53,14864
3-Workflow Rule,https://www.mandsconsulting.com/wp-content/uploads/3-Workflow-Rule.png,png,2018-04-23 15:25:54,14865
2-Validation Rule,https://www.mandsconsulting.com/wp-content/uploads/2-Validation-Rule.png,png,2018-04-23 15:25:55,14866
1-Bypass Apex Field,https://www.mandsconsulting.com/wp-content/uploads/1-Bypass-Apex-Field.png,png,2018-04-23 15:25:55,14867
Problem Statement,https://www.mandsconsulting.com/wp-content/uploads/Problem-Statement.png,png,2018-04-24 04:34:42,14873
Problem Statement Solution,https://www.mandsconsulting.com/wp-content/uploads/Problem-Statement-Solution.png,png,2018-04-24 04:52:45,14882
BlockchainNetwork,https://www.mandsconsulting.com/wp-content/uploads/BlockchainNetwork.png,png,2018-04-24 07:45:57,14887
Blockchain-Indiv_Ledger,https://www.mandsconsulting.com/wp-content/uploads/Blockchain-Indiv_Ledger.png,png,2018-04-25 12:51:06,14897
Blockchain-Shared_Ledger,https://www.mandsconsulting.com/wp-content/uploads/Blockchain-Shared_Ledger.png,png,2018-04-25 12:51:09,14898
Blockchain-SystemsArch-cloud,https://www.mandsconsulting.com/wp-content/uploads/Blockchain-SystemsArch-cloud.png,png,2018-04-25 12:53:26,14899
SF+BC Graphic,https://www.mandsconsulting.com/wp-content/uploads/SFBC-Graphic.png,png,2018-04-26 06:15:11,14904
Blockchain-LoE-Salesforce,https://www.mandsconsulting.com/wp-content/uploads/Blockchain-LoE-Salesforce.jpg,jpg,2018-05-09 16:45:35,14922
DataRecovery_2_Ubuntu_HD__commands,https://www.mandsconsulting.com/wp-content/uploads/DataRecovery_2_Ubuntu_HD__commands.png,png,2018-05-21 15:16:41,14978
DataRecovery__DS212,https://www.mandsconsulting.com/wp-content/uploads/DataRecovery__DS212.jpg,jpg,2018-05-21 15:16:42,14979
DataRecovery__failed_HD,https://www.mandsconsulting.com/wp-content/uploads/DataRecovery__failed_HD.jpg,jpg,2018-05-21 15:16:42,14980
DataRecovery_1_Ubuntu_14.04_on_Windows_7,https://www.mandsconsulting.com/wp-content/uploads/DataRecovery_1_Ubuntu_14.04_on_Windows_7.png,png,2018-05-21 15:16:43,14981
cropped-MS-website-512x512.png,https://www.mandsconsulting.com/wp-content/uploads/cropped-MS-website-512x512.png,png,2018-06-25 11:51:13,15026
M&S-website-512x512,https://www.mandsconsulting.com/wp-content/uploads/MS-website-512x512-1.png,png,2018-06-25 11:53:07,15028
cropped-MS-website-512x512-1.png,https://www.mandsconsulting.com/wp-content/uploads/cropped-MS-website-512x512-1.png,png,2018-06-25 11:53:25,15029
,https://www.mandsconsulting.com/wp-content/uploads/beagle-dog-sleeping.jpg,jpg,2018-07-02 13:38:17,15031
,https://www.mandsconsulting.com/wp-content/uploads/beagle-dog-sleeping-1.jpg,jpg,2018-07-02 13:38:29,15033
,https://www.mandsconsulting.com/wp-content/uploads/car-crash-accident-on-street.jpg,jpg,2018-07-02 14:02:14,15038
,https://www.mandsconsulting.com/wp-content/uploads/moon-phases-day.jpg,jpg,2018-07-02 14:12:31,15042
,https://www.mandsconsulting.com/wp-content/uploads/random-numbers-on-black-background.jpg,jpg,2018-07-03 11:20:28,15048
,https://www.mandsconsulting.com/wp-content/uploads/vector-abstract-circuit-networking-blockchain-concept.jpg,jpg,2018-07-03 12:01:43,15051
cool-background,https://www.mandsconsulting.com/wp-content/uploads/cool-background.png,png,2018-07-05 11:58:39,15053
alphabet,https://www.mandsconsulting.com/wp-content/uploads/alphabet.jpg,jpg,2018-07-24 14:56:17,15060
machine_learning,https://www.mandsconsulting.com/wp-content/uploads/photo_74930_20160901-1.jpg,jpg,2018-08-06 15:52:41,15082
Dreamforce-HeaderImage,https://www.mandsconsulting.com/wp-content/uploads/Dreamforce-HeaderImage.jpg,jpg,2018-09-20 11:04:27,15091
Dreamforce2018-Logo,https://www.mandsconsulting.com/wp-content/uploads/Dreamforce2018-Logo.png,png,2018-09-20 12:27:44,15092
Amazon-GiftCard-500,https://www.mandsconsulting.com/wp-content/uploads/Amazon-GiftCard-500.png,png,2018-09-20 12:56:55,15093
GNero-Graphic,https://www.mandsconsulting.com/wp-content/uploads/GNero-Graphic.png,png,2018-09-20 15:00:28,15096
IMG_0994,https://www.mandsconsulting.com/wp-content/uploads/IMG_0994.jpg,jpg,2018-10-01 20:22:28,15106
fullsizeoutput_7379,https://www.mandsconsulting.com/wp-content/uploads/fullsizeoutput_7379.jpeg,jpeg,2018-10-01 20:25:30,15107
Bridgewater-College-AWS-Standard-Play,https://www.mandsconsulting.com/wp-content/uploads/Bridgewater-College-campus.jpg,jpg,2018-10-03 18:07:07,15115
Live-on-campus,https://www.mandsconsulting.com/wp-content/uploads/Live-on-campus.jpg,jpg,2018-10-03 18:21:08,15119
MS-Badge-2018,https://www.mandsconsulting.com/wp-content/uploads/MS-Badge-2018.png,png,2018-10-09 09:06:06,15121
M&S-Badge-2018,https://www.mandsconsulting.com/wp-content/uploads/MS-Badge-2018-1.png,png,2018-10-09 17:24:47,15122
,https://www.mandsconsulting.com/wp-content/uploads/american-flag.jpg,jpg,2018-10-12 13:22:31,15127
emile-perron-190221-unsplash,https://www.mandsconsulting.com/wp-content/uploads/emile-perron-190221-unsplash-e1548350152805.jpg,jpg,2019-01-24 13:14:16,15149
board,https://www.mandsconsulting.com/wp-content/uploads/board.jpg,jpg,2019-01-27 11:44:07,15157
Atlassian-horizontal-blue@2x-rgb,https://www.mandsconsulting.com/wp-content/uploads/Atlassian-horizontal-blue@2x-rgb.png,png,2019-01-27 23:42:14,15159
Confluence@2x-blue,https://www.mandsconsulting.com/wp-content/uploads/Confluence@2x-blue.png,png,2019-01-27 23:44:17,15160
Jira Software@2x-blue,https://www.mandsconsulting.com/wp-content/uploads/Jira-Software@2x-blue.png,png,2019-01-27 23:44:42,15161
Jira Service Desk@2x-blue,https://www.mandsconsulting.com/wp-content/uploads/Jira-Service-Desk@2x-blue.png,png,2019-01-27 23:45:02,15162
Bitbucket@2x-blue,https://www.mandsconsulting.com/wp-content/uploads/Bitbucket@2x-blue.png,png,2019-01-27 23:45:24,15163
23,https://www.mandsconsulting.com/wp-content/uploads/23-e1549038830770.jpg,jpg,2019-02-01 12:33:21,15178
kevin-langlais-1239099-unsplash,https://www.mandsconsulting.com/wp-content/uploads/kevin-langlais-1239099-unsplash-e1550781163575.jpg,jpg,2019-02-21 16:31:24,15200
franck-v-515157-unsplash,https://www.mandsconsulting.com/wp-content/uploads/franck-v-515157-unsplash-e1550789560333.jpg,jpg,2019-02-21 18:50:55,15203
perry-grone-732606-unsplash,https://www.mandsconsulting.com/wp-content/uploads/perry-grone-732606-unsplash.jpg,jpg,2019-04-01 15:01:27,15226
EQT Corporation Client Logo,https://www.mandsconsulting.com/wp-content/uploads/Client-Logos-Website53.jpg,jpg,2019-04-15 11:32:17,15230
Michael Baker Client Logo,https://www.mandsconsulting.com/wp-content/uploads/Client-Logos-Website54.jpg,jpg,2019-04-15 11:32:18,15231
InsightSoftware Client Logo,https://www.mandsconsulting.com/wp-content/uploads/Client-Logos-Website55.jpg,jpg,2019-04-15 11:32:19,15232
Lily Pad Haven Client Logo,https://www.mandsconsulting.com/wp-content/uploads/Client-Logos-Website56.jpg,jpg,2019-04-15 11:32:19,15233
MLTA Client Logo,https://www.mandsconsulting.com/wp-content/uploads/Client-Logos-Website57.jpg,jpg,2019-04-15 11:32:21,15234
caterpillar to butterfly,https://www.mandsconsulting.com/wp-content/uploads/suzanne-d-williams-794133-unsplash.jpg,jpg,2019-05-16 19:36:57,15267
Wayfinding Salesforce Certificates,https://www.mandsconsulting.com/wp-content/uploads/daniil-silantev-367138-unsplash.jpg,jpg,2019-05-22 15:50:33,15281
M&S-CFL_Template-400x60,https://www.mandsconsulting.com/wp-content/uploads/MS-CFL_Template-400x60.png,png,2019-06-17 17:29:42,15286
M&S_C-Logo-Web-H-1020x150-White,https://www.mandsconsulting.com/wp-content/uploads/MS_C-Logo-Web-H-1020x150-White.svg,svg,2019-06-20 14:24:32,15290
M&S-Logo-Web-H-500x164-White-White,https://www.mandsconsulting.com/wp-content/uploads/MS-Logo-Web-H-500x164-White-White.svg,svg,2019-06-21 17:25:02,15292
Skyview-for-RPA-post,https://www.mandsconsulting.com/wp-content/uploads/Skyview-for-RPA-post.jpeg,jpeg,2019-08-15 11:32:44,15316
Cloud_Journey-AWS-Standard-Play,https://www.mandsconsulting.com/wp-content/uploads/Cloud_Journey-AWS-Standard-Play.jpeg,jpeg,2019-09-13 09:59:40,15324
data sharing and integration,https://www.mandsconsulting.com/wp-content/uploads/IntegrationSharing-post.jpg,jpg,2019-10-07 12:04:31,15331
gsuite-reseller-transparent,https://www.mandsconsulting.com/wp-content/uploads/gsuite-reseller-transparent.png,png,2019-10-24 17:28:43,15340
Lift-and-shift-simple,https://www.mandsconsulting.com/wp-content/uploads/Lift-and-shift-simple.jpg,jpg,2019-11-18 18:12:48,15351
Mark.Wittkopp,https://www.mandsconsulting.com/wp-content/uploads/Mark.Wittkopp-1.png,png,2019-12-16 11:44:35,15368
move-forward-Q2C-blog-post,https://www.mandsconsulting.com/wp-content/uploads/move-forward-Q2C-blog-post.jpeg,jpeg,2020-01-22 14:28:47,15378
move-forward-Q2C-blog-post,https://www.mandsconsulting.com/wp-content/uploads/move-forward-Q2C-blog-post-1.jpeg,jpeg,2020-01-22 14:32:33,15379
Face Shield Instructions,https://www.mandsconsulting.com/wp-content/uploads/Face-Shield-Instructions.pdf,pdf,2020-03-29 09:28:51,15436
Remote-working-station-post,https://www.mandsconsulting.com/wp-content/uploads/Remote-working-station-post.jpg,jpg,2020-03-31 12:55:25,15496
VSplitr-Info,https://www.mandsconsulting.com/wp-content/uploads/VSplitr-Info.png,png,2020-04-01 20:41:53,15521
VSplitr Instructions,https://www.mandsconsulting.com/wp-content/uploads/VSplitr-Instructions.pdf,pdf,2020-04-02 22:26:53,15526
VSplitr Information,https://www.mandsconsulting.com/wp-content/uploads/VSplitr-Information.pdf,pdf,2020-04-02 22:26:56,15527
VSplitr Information,https://www.mandsconsulting.com/wp-content/uploads/VSplitr-Information.png,png,2020-04-02 22:29:11,15528
VSplitr_3D_Printing_Instructions,https://www.mandsconsulting.com/wp-content/uploads/VSplitr_3D_Printing_Instructions.zip,zip,2020-04-06 15:10:45,15532
VSplitr Information,https://www.mandsconsulting.com/wp-content/uploads/VSplitr-Information-1.png,png,2020-04-02 23:05:40,15534
covid-19-cover,https://www.mandsconsulting.com/wp-content/uploads/covid-19-cover.jpg,jpg,2020-04-08 08:22:08,15621
Bounty-Shield-Instructions,https://www.mandsconsulting.com/wp-content/uploads/Bounty-Shield-Instructions.jpg,jpg,2020-04-12 00:35:53,15649
Higher Ed Online Learning Difficult,https://www.mandsconsulting.com/wp-content/uploads/Higher-Ed-Online-Learning-Difficult.jpg,jpg,2020-04-22 12:02:08,15661
Robots in call centers,https://www.mandsconsulting.com/wp-content/uploads/Robots-in-call-centers.jpg,jpg,2020-04-23 12:28:48,15669
work from home experiment,https://www.mandsconsulting.com/wp-content/uploads/work-from-home-experiment.jpg,jpg,2020-04-23 12:37:42,15673
Robots in call centers,https://www.mandsconsulting.com/wp-content/uploads/Robots-in-call-centers-1.jpg,jpg,2020-04-23 12:59:44,15677
Sentry Data image (1),https://www.mandsconsulting.com/wp-content/uploads/Sentry-Data-image-1.jpg,jpg,2020-04-23 13:43:45,15680
Airwayz image (1),https://www.mandsconsulting.com/wp-content/uploads/Airwayz-image-1.jpg,jpg,2020-04-29 09:48:08,15685
Problem Solved header,https://www.mandsconsulting.com/wp-content/uploads/Rowing-duotone.png,png,2020-04-29 12:50:51,15690
purple-hue-clock,https://www.mandsconsulting.com/wp-content/uploads/purple-hue-clock-scaled-e1588687409198.jpg,jpg,2020-05-05 10:02:20,15698
doctor-office-wall-equipment-yellow,https://www.mandsconsulting.com/wp-content/uploads/doctor-office-wall-equipment-yellow.jpg,jpg,2020-05-05 10:48:01,15702
road-stripe-grass-separation,https://www.mandsconsulting.com/wp-content/uploads/road-stripe-grass-separation.jpg,jpg,2020-05-05 11:11:34,15705
emoji-macbook,https://www.mandsconsulting.com/wp-content/uploads/emoji-macbook.jpg,jpg,2020-05-18 08:28:44,15721
students-sharing-experiences,https://www.mandsconsulting.com/wp-content/uploads/students-sharing-experiences-e1589806190873.jpg,jpg,2020-05-18 08:44:50,15724
bedroom-LPH,https://www.mandsconsulting.com/wp-content/uploads/bedroom-LPH-scaled.jpg,jpg,2020-05-18 08:55:48,15727
Jimmy Lutz,https://www.mandsconsulting.com/wp-content/uploads/Jimmy.Lutz_.png,png,2020-06-05 12:20:59,15751
Casey Zaitz,https://www.mandsconsulting.com/wp-content/uploads/Casey.Zaitz_.png,png,2020-06-05 12:28:24,15752
Okta SSO image,https://www.mandsconsulting.com/wp-content/uploads/Okta-SSO-image.jpg,jpg,2020-06-15 10:16:33,15757
GWU image for blog,https://www.mandsconsulting.com/wp-content/uploads/GWU-image-for-blog.jpg,jpg,2020-06-15 10:38:26,15762
VPN article image for blog,https://www.mandsconsulting.com/wp-content/uploads/VPN-article-image-for-blog.jpg,jpg,2020-06-15 11:21:28,15768
telescope,https://www.mandsconsulting.com/wp-content/uploads/telescope.jpg,jpg,2020-06-16 11:06:09,15778
PMaaS-Flower-v_2,https://www.mandsconsulting.com/wp-content/uploads/PMaaS-Flower-v_2.png,png,2020-06-18 08:45:15,15782
IT-managed-services-time,https://www.mandsconsulting.com/wp-content/uploads/IT-managed-services-time.jpg,jpg,2020-06-23 10:46:19,15796
Syneos PS1 bare image,https://www.mandsconsulting.com/wp-content/uploads/Syneos-PS1-bare-image.jpg,jpg,2020-06-29 10:55:55,15804
University Leverages AWS Courtesy Onboarding,https://www.mandsconsulting.com/wp-content/uploads/university-leverage-.jpg,jpg,2020-06-29 13:30:31,15807
pau-casals-CrwmXVbxxZs-unsplash,https://www.mandsconsulting.com/wp-content/uploads/pau-casals-CrwmXVbxxZs-unsplash-scaled.jpg,jpg,2020-07-02 15:15:24,15812
michael-longmire-L9EV3OogLh0-unsplash,https://www.mandsconsulting.com/wp-content/uploads/michael-longmire-L9EV3OogLh0-unsplash-scaled.jpg,jpg,2020-07-09 15:51:57,15821
2020-email-sig-banner,https://www.mandsconsulting.com/wp-content/uploads/2020-email-sig-banner.png,png,2020-07-28 08:14:34,15830
noom-peerapong-2uwFEAGUm6E-unsplash,https://www.mandsconsulting.com/wp-content/uploads/noom-peerapong-2uwFEAGUm6E-unsplash-scaled.jpg,jpg,2020-07-29 10:30:52,15834
GoldNero image,https://www.mandsconsulting.com/wp-content/uploads/GoldNero-image.jpg,jpg,2020-08-19 16:24:11,15851
Survey1,https://www.mandsconsulting.com/wp-content/uploads/Survey1.jpg,jpg,2020-08-19 16:30:49,15854
HE post 2 v2,https://www.mandsconsulting.com/wp-content/uploads/HE-post-2-v2.jpg,jpg,2020-08-25 14:54:33,15868
HigherEd COVID Survey Results,https://www.mandsconsulting.com/wp-content/uploads/2018-HeroGraphics-Ideas3.png,png,2020-08-28 11:21:24,15871
M&S Consulting - Survey Results for COVID-19 Impacts on Higher Education,https://www.mandsconsulting.com/wp-content/uploads/MS-Consulting-Survey-Results-for-COVID-19-Impacts-on-Higher-Education.pdf,pdf,2020-08-28 12:37:03,15880
online-teaching-survey-results,https://www.mandsconsulting.com/wp-content/uploads/online-teaching-survey-results.jpg,jpg,2020-09-01 13:54:03,15889
Software development concept,https://www.mandsconsulting.com/wp-content/uploads/Software-development-concept.jpg,jpg,2020-09-04 14:51:12,15902
markus-spiske-qjnAnF0jIGk-unsplash,https://www.mandsconsulting.com/wp-content/uploads/markus-spiske-qjnAnF0jIGk-unsplash-scaled.jpg,jpg,2020-09-04 15:51:19,15903
c-sharp,https://www.mandsconsulting.com/wp-content/uploads/c-sharp.png,png,2020-09-07 13:53:46,15931
c-sharp (1),https://www.mandsconsulting.com/wp-content/uploads/c-sharp-1.png,png,2020-09-07 13:55:01,15932
Program Languages,https://www.mandsconsulting.com/wp-content/uploads/Program-Languages.png,png,2020-09-07 14:10:55,15933
Program Languages,https://www.mandsconsulting.com/wp-content/uploads/Program-Languages-1.png,png,2020-09-07 14:18:24,15935
Program Languages,https://www.mandsconsulting.com/wp-content/uploads/Program-Languages-2.png,png,2020-09-07 14:19:35,15936
Untitled design (2),https://www.mandsconsulting.com/wp-content/uploads/Untitled-design-2.png,png,2020-09-07 16:13:06,15947
Untitled design (3),https://www.mandsconsulting.com/wp-content/uploads/Untitled-design-3.png,png,2020-09-07 16:15:35,15948
Untitled design (4),https://www.mandsconsulting.com/wp-content/uploads/Untitled-design-4.png,png,2020-09-07 16:18:17,15949
php Logo,https://www.mandsconsulting.com/wp-content/uploads/php-Logo.png,png,2020-09-07 16:29:25,15950
GO Logo,https://www.mandsconsulting.com/wp-content/uploads/GO-Logo.png,png,2020-09-07 16:29:39,15951
Ruby on Rails Logo,https://www.mandsconsulting.com/wp-content/uploads/Ruby-on-Rails-Logo.png,png,2020-09-07 16:31:28,15952
Azure Logo,https://www.mandsconsulting.com/wp-content/uploads/Azure-Logo.png,png,2020-09-07 16:33:55,15953
AWS Logo,https://www.mandsconsulting.com/wp-content/uploads/AWS-Logo.png,png,2020-09-07 16:36:14,15954
Angular Logo,https://www.mandsconsulting.com/wp-content/uploads/Angular-Logo.png,png,2020-09-07 16:37:35,15955
SQL Server Logo,https://www.mandsconsulting.com/wp-content/uploads/SQL-Server-Logo.png,png,2020-09-07 16:40:40,15956
SQL Server Logo,https://www.mandsconsulting.com/wp-content/uploads/SQL-Server-Logo-1.png,png,2020-09-07 16:42:07,15957
MySQL Logo,https://www.mandsconsulting.com/wp-content/uploads/MySQL-Logo.png,png,2020-09-07 16:43:27,15958
PostgresSQL Logo,https://www.mandsconsulting.com/wp-content/uploads/PostgresSQL-Logo.png,png,2020-09-07 16:44:34,15959
Oracle Logo,https://www.mandsconsulting.com/wp-content/uploads/Oracle-Logo.png,png,2020-09-07 16:45:59,15960
Java Logo,https://www.mandsconsulting.com/wp-content/uploads/Java-Logo.png,png,2020-09-07 16:48:08,15961
C# Logo,https://www.mandsconsulting.com/wp-content/uploads/C-Logo.png,png,2020-09-07 16:49:00,15962
Python Logo,https://www.mandsconsulting.com/wp-content/uploads/Python-Logo.png,png,2020-09-07 16:49:47,15963
HTML Logo,https://www.mandsconsulting.com/wp-content/uploads/HTML-Logo.png,png,2020-09-07 16:50:36,15964
CSS Logo,https://www.mandsconsulting.com/wp-content/uploads/CSS-Logo.png,png,2020-09-07 16:52:40,15965
JavaScript Logo,https://www.mandsconsulting.com/wp-content/uploads/JavaScript-Logo.png,png,2020-09-07 16:53:51,15966
TypeScript Logo,https://www.mandsconsulting.com/wp-content/uploads/TypeScript-Logo.png,png,2020-09-07 16:55:42,15967
React Logo,https://www.mandsconsulting.com/wp-content/uploads/React-Logo.png,png,2020-09-07 16:56:46,15968
C Logo,https://www.mandsconsulting.com/wp-content/uploads/C-Logo-1.png,png,2020-09-07 16:58:12,15969
C Logo,https://www.mandsconsulting.com/wp-content/uploads/C-Logo-2.png,png,2020-09-07 17:00:40,15970
C++ Logo,https://www.mandsconsulting.com/wp-content/uploads/C-Logo-3.png,png,2020-09-07 17:07:39,15972
C# Logo,https://www.mandsconsulting.com/wp-content/uploads/C-Logo-4.png,png,2020-09-07 17:09:23,15973
Android Logo,https://www.mandsconsulting.com/wp-content/uploads/Android-Logo.png,png,2020-09-07 17:11:12,15974
Swift Logo,https://www.mandsconsulting.com/wp-content/uploads/Swift-Logo.png,png,2020-09-07 17:12:30,15975
OBJ-C Logo,https://www.mandsconsulting.com/wp-content/uploads/OBJ-C-Logo.png,png,2020-09-07 17:14:04,15976
Node JS Logo,https://www.mandsconsulting.com/wp-content/uploads/Node-JS-Logo.png,png,2020-09-07 17:15:05,15977
Tensor Flow Logo,https://www.mandsconsulting.com/wp-content/uploads/Tensor-Flow-Logo.png,png,2020-09-07 17:16:00,15978
Unity Logo,https://www.mandsconsulting.com/wp-content/uploads/Unity-Logo.png,png,2020-09-07 17:17:23,15979
Unreal Engine Logo,https://www.mandsconsulting.com/wp-content/uploads/Unreal-Engine-Logo.png,png,2020-09-07 17:19:01,15980
AI Logo,https://www.mandsconsulting.com/wp-content/uploads/AI-Logo.png,png,2020-09-07 17:21:38,15981
Machine Learning Logo,https://www.mandsconsulting.com/wp-content/uploads/Machine-Learning-Logo.png,png,2020-09-07 17:24:08,15982
Dev Ops Logo,https://www.mandsconsulting.com/wp-content/uploads/Dev-Ops-Logo.png,png,2020-09-07 17:32:39,15984
JavaScrip Logo,https://www.mandsconsulting.com/wp-content/uploads/JavaScrip-Logo.png,png,2020-09-08 11:02:09,15986
noun_contract_42571,https://www.mandsconsulting.com/wp-content/uploads/noun_contract_42571.png,png,2020-09-09 18:16:11,16010
noun_contract_42571,https://www.mandsconsulting.com/wp-content/uploads/noun_contract_42571-1.png,png,2020-09-09 18:23:53,16012
noun_negotiation_2909341,https://www.mandsconsulting.com/wp-content/uploads/noun_negotiation_2909341.png,png,2020-09-09 18:24:08,16013
Negotiation,https://www.mandsconsulting.com/wp-content/uploads/Negotiation.png,png,2020-09-09 18:26:50,16014
idgaf,https://www.mandsconsulting.com/wp-content/uploads/idgaf.png,png,2020-09-09 18:29:59,16015
HTML Logo (4),https://www.mandsconsulting.com/wp-content/uploads/HTML-Logo-4.png,png,2020-09-10 15:24:04,16029
CSS Logo (1),https://www.mandsconsulting.com/wp-content/uploads/CSS-Logo-1.png,png,2020-09-10 15:24:21,16030
C# Logo,https://www.mandsconsulting.com/wp-content/uploads/C-Logo-5.png,png,2020-09-10 15:27:59,16032
Hazem Hower,https://www.mandsconsulting.com/wp-content/uploads/hazem.hower_.png,png,2020-09-11 09:49:49,16035
Silver Solution Partner white,https://www.mandsconsulting.com/wp-content/uploads/Silver-Solution-Partner-white.svg,svg,2020-09-15 11:25:12,16042
Silver Solution Partner clear,https://www.mandsconsulting.com/wp-content/uploads/Silver-Solution-Partner-clear.svg,svg,2020-09-15 11:34:35,16044
accounting-v-erp-software,https://www.mandsconsulting.com/wp-content/uploads/accounting-v-erp-software-e1602774397753.jpg,jpg,2020-10-15 11:04:37,16076
AF JIT provisioning image,https://www.mandsconsulting.com/wp-content/uploads/AF-JIT-provisioning-image.jpg,jpg,2020-10-29 13:47:27,16082
age-barros-rBPOfVqROzY-unsplash,https://www.mandsconsulting.com/wp-content/uploads/age-barros-rBPOfVqROzY-unsplash-scaled.jpg,jpg,2020-10-29 13:47:47,16083
M&S Consulting Atlassian Silver Solution Partner with a US Government Designation,https://www.mandsconsulting.com/wp-content/uploads/BRAND-4619_Silver-Solution-Partner-Government_No-BG.svg,svg,2020-10-30 16:34:13,16086
sap-brim,https://www.mandsconsulting.com/wp-content/uploads/sap-brim.png,png,2020-11-03 14:18:40,16099
sap_brim,https://www.mandsconsulting.com/wp-content/uploads/sap_brim.jpg,jpg,2020-11-03 14:38:54,16102
SAP-Header,https://www.mandsconsulting.com/wp-content/uploads/SAP-Header-scaled.jpg,jpg,2020-11-03 15:25:39,16105
chelsea-WvusC5M-TM8-unsplash,https://www.mandsconsulting.com/wp-content/uploads/chelsea-WvusC5M-TM8-unsplash-scaled-e1604498277259.jpg,jpg,2020-11-03 17:57:19,16111
Bamboo@2x-blue,https://www.mandsconsulting.com/wp-content/uploads/Bamboo@2x-blue.png,png,2020-12-27 22:22:18,16131
Crowd@2x-blue,https://www.mandsconsulting.com/wp-content/uploads/Crowd@2x-blue.png,png,2020-12-27 22:22:22,16132
EBD,https://www.mandsconsulting.com/wp-content/uploads/EBD.jpg,jpg,2021-01-05 17:28:04,16136
EBD,https://www.mandsconsulting.com/wp-content/uploads/EBD-1.jpg,jpg,2021-01-06 13:48:07,16138
Strategic Oracle EBS Move to OCI,https://www.mandsconsulting.com/wp-content/uploads/Chess-EBS.jpg,jpg,2021-01-08 13:20:58,16156
christopher-ott-AJL8iQY4-Jc-unsplash,https://www.mandsconsulting.com/wp-content/uploads/christopher-ott-AJL8iQY4-Jc-unsplash-scaled.jpg,jpg,2021-01-14 13:32:38,16163
nikita-fox-kZpzJohmCEQ-unsplash,https://www.mandsconsulting.com/wp-content/uploads/nikita-fox-kZpzJohmCEQ-unsplash-scaled.jpg,jpg,2021-01-14 13:40:46,16164
fabrizio-verrecchia-Ai7sV3SSMIQ-unsplash,https://www.mandsconsulting.com/wp-content/uploads/fabrizio-verrecchia-Ai7sV3SSMIQ-unsplash-scaled.jpg,jpg,2021-01-18 14:35:46,16172
jira service management-logo,https://www.mandsconsulting.com/wp-content/uploads/jira-service-management-logo-gradient-blue.svg,svg,2021-01-19 12:16:44,16188
jira service management-logo-gradient-blue,https://www.mandsconsulting.com/wp-content/uploads/jira-service-management-logo-gradient-blue.png,png,2021-01-19 12:21:08,16189
Atlassian Access Implementation,https://www.mandsconsulting.com/wp-content/uploads/Atlassian-Access-logo.png,png,2021-01-19 13:03:54,16192
GitOps,https://www.mandsconsulting.com/wp-content/uploads/GitOps.png,png,2021-01-19 14:29:59,16203
image1,https://www.mandsconsulting.com/wp-content/uploads/image1-1.png,png,2021-01-19 15:07:32,16213
image2,https://www.mandsconsulting.com/wp-content/uploads/image2-1.png,png,2021-01-19 15:07:36,16214
image3,https://www.mandsconsulting.com/wp-content/uploads/image3-1.png,png,2021-01-19 15:07:38,16215
image4,https://www.mandsconsulting.com/wp-content/uploads/image4-1.png,png,2021-01-19 15:07:41,16216
image5,https://www.mandsconsulting.com/wp-content/uploads/image5-1.png,png,2021-01-19 15:07:42,16217
image6,https://www.mandsconsulting.com/wp-content/uploads/image6-1.png,png,2021-01-19 15:07:46,16218
image7,https://www.mandsconsulting.com/wp-content/uploads/image7-1.png,png,2021-01-19 15:07:50,16219
image8,https://www.mandsconsulting.com/wp-content/uploads/image8-1.png,png,2021-01-19 15:07:52,16220
image9,https://www.mandsconsulting.com/wp-content/uploads/image9-1.png,png,2021-01-19 15:07:55,16221
image10,https://www.mandsconsulting.com/wp-content/uploads/image10-1.png,png,2021-01-19 15:07:58,16222
gitops-gettingstarted,https://www.mandsconsulting.com/wp-content/uploads/gitops-gettingstarted.jpg,jpg,2021-01-20 15:52:27,16237
woocommerce-placeholder,https://www.mandsconsulting.com/wp-content/uploads/woocommerce-placeholder.png,png,2021-01-21 10:25:51,16240
ebd banner,https://www.mandsconsulting.com/wp-content/uploads/ebd-banner.jpg,jpg,2021-01-21 13:45:02,16245
alex-perez-AIfbUyzhKz0-unsplash,https://www.mandsconsulting.com/wp-content/uploads/alex-perez-AIfbUyzhKz0-unsplash-scaled.jpg,jpg,2021-01-21 17:36:09,16253
aron-visuals-BXOXnQ26B7o-unsplash,https://www.mandsconsulting.com/wp-content/uploads/aron-visuals-BXOXnQ26B7o-unsplash-scaled.jpg,jpg,2021-01-21 17:37:59,16254
aron-visuals-BXOXnQ26B7o-unsplash,https://www.mandsconsulting.com/wp-content/uploads/aron-visuals-BXOXnQ26B7o-unsplash-1-scaled.jpg,jpg,2021-01-21 17:40:16,16255
austin-poon-JO_S6ewBqAk-unsplash,https://www.mandsconsulting.com/wp-content/uploads/austin-poon-JO_S6ewBqAk-unsplash-scaled.jpg,jpg,2021-01-21 17:50:44,16256
mike-kononov-lFv0V3_2H6s-unsplash,https://www.mandsconsulting.com/wp-content/uploads/mike-kononov-lFv0V3_2H6s-unsplash-scaled.jpg,jpg,2021-01-21 17:50:59,16257
nathan-dumlao-LPRrEJU2GbQ-unsplash,https://www.mandsconsulting.com/wp-content/uploads/nathan-dumlao-LPRrEJU2GbQ-unsplash-scaled.jpg,jpg,2021-01-21 17:51:13,16258
Atlassian-GovSym-2021,https://www.mandsconsulting.com/wp-content/uploads/Atlassian-GovSym-2021.jpg,jpg,2021-01-27 13:59:04,16276
Silver Solution Partner Government_No-BG700x300-01,https://www.mandsconsulting.com/wp-content/uploads/Silver-Solution-Partner-Government_No-BG700x300-01.png,png,2021-01-27 14:42:03,16278
AtlassianGovSym-Demo,https://www.mandsconsulting.com/wp-content/uploads/AtlassianGovSym-Demo.jpg,jpg,2021-01-27 17:03:29,16285
5fff88ce697fc2353fc6a8b4_rocketplace-best-of-2020-badge-branded,https://www.mandsconsulting.com/wp-content/uploads/5fff88ce697fc2353fc6a8b4_rocketplace-best-of-2020-badge-branded.png,png,2021-01-28 12:48:58,16290
leon-macapagal-WBm7HPQH2t0-unsplash,https://www.mandsconsulting.com/wp-content/uploads/leon-macapagal-WBm7HPQH2t0-unsplash-scaled.jpg,jpg,2021-01-29 15:27:21,16298
robert-lukeman-_RBcxo9AU-U-unsplash,https://www.mandsconsulting.com/wp-content/uploads/robert-lukeman-_RBcxo9AU-U-unsplash-scaled.jpg,jpg,2021-01-29 15:27:46,16299
111,https://www.mandsconsulting.com/wp-content/uploads/111-scaled.jpg,jpg,2021-01-29 15:31:53,16300
screenshot-1,https://www.mandsconsulting.com/wp-content/uploads/screenshot-1.png,png,2021-01-29 17:24:34,16304
maximalfocus-VT4rx775FT4-unsplash,https://www.mandsconsulting.com/wp-content/uploads/maximalfocus-VT4rx775FT4-unsplash-scaled.jpg,jpg,2021-01-29 17:30:31,16309
IMG1,https://www.mandsconsulting.com/wp-content/uploads/IMG1-1.png,png,2021-02-05 12:23:59,16314
IMG2,https://www.mandsconsulting.com/wp-content/uploads/IMG2-1.png,png,2021-02-05 12:24:13,16315
IMG3,https://www.mandsconsulting.com/wp-content/uploads/IMG3-1.png,png,2021-02-05 12:24:24,16316
IMG4,https://www.mandsconsulting.com/wp-content/uploads/IMG4-1.png,png,2021-02-05 12:24:28,16317
IMG5,https://www.mandsconsulting.com/wp-content/uploads/IMG5-1.png,png,2021-02-05 12:24:34,16318
IMG6,https://www.mandsconsulting.com/wp-content/uploads/IMG6-1.png,png,2021-02-05 12:24:38,16319
dollar-gill-yqNRxWNrC04-unsplash,https://www.mandsconsulting.com/wp-content/uploads/dollar-gill-yqNRxWNrC04-unsplash-scaled.jpg,jpg,2021-02-05 12:29:27,16321
dollar-gill-yqNRxWNrC04-unsplash,https://www.mandsconsulting.com/wp-content/uploads/dollar-gill-yqNRxWNrC04-unsplash-1-scaled.jpg,jpg,2021-02-05 12:31:05,16322
AWS CloudShell-Screen Shot,https://www.mandsconsulting.com/wp-content/uploads/AWS-CloudShell-Screen-Shot.png,png,2021-02-09 13:14:53,16327
anna-gru-5XxIJz1ZvcM-unsplash,https://www.mandsconsulting.com/wp-content/uploads/anna-gru-5XxIJz1ZvcM-unsplash-scaled.jpg,jpg,2021-02-09 15:19:11,16334
IdAM - On Premise - Vendor Product Feature Matrix,https://www.mandsconsulting.com/wp-content/uploads/IdAM-On-Premise-Vendor-Product-Feature-Matrix.xlsx,xlsx,2021-02-09 15:23:12,16336
On-Prem ID&AccessMgnt,https://www.mandsconsulting.com/wp-content/uploads/On-Prem-IDAccessMgnt.jpg,jpg,2021-02-09 15:38:28,16339
john-petalcurin-mHx5LAKkkMo-unsplash,https://www.mandsconsulting.com/wp-content/uploads/john-petalcurin-mHx5LAKkkMo-unsplash-scaled.jpg,jpg,2021-02-09 15:40:45,16342
programMarks_color_goldPartner,https://www.mandsconsulting.com/wp-content/uploads/programMarks_color_goldPartner.png,png,2021-02-11 10:53:34,16348
ricardo-gomez-angel-3kzlCL3rj8A-unsplash,https://www.mandsconsulting.com/wp-content/uploads/ricardo-gomez-angel-3kzlCL3rj8A-unsplash-scaled.jpg,jpg,2021-02-18 15:56:21,16356
Feeding the IMS from Jira-mockup,https://www.mandsconsulting.com/wp-content/uploads/Case-Study-Feeding-the-IMS-from-Jira-mockup.jpg,jpg,2021-02-19 15:36:59,16369
Case Study - Leveraging Agile in Atypical Projects-mockup,https://www.mandsconsulting.com/wp-content/uploads/Case-Study-Leveraging-Agile-in-Atypical-Projects-mockup.jpg,jpg,2021-02-19 15:37:05,16370
Atlassian-GovSlick-mockup-012021,https://www.mandsconsulting.com/wp-content/uploads/Atlassian-GovSlick-mockup-012021.jpg,jpg,2021-02-19 15:45:01,16371
M&S Atlassian Focus Area Overview,https://www.mandsconsulting.com/wp-content/uploads/MS-Atlassian-Focus-Area-Overview.pdf,pdf,2021-02-19 15:49:50,16372
Case Study - Feeding the IMS from Jira,https://www.mandsconsulting.com/wp-content/uploads/Case-Study-Feeding-the-IMS-from-Jira.pdf,pdf,2021-02-19 15:50:10,16373
Case Study - Leveraging Agile in Atypical Projects,https://www.mandsconsulting.com/wp-content/uploads/Case-Study-Leveraging-Agile-in-Atypical-Projects.pdf,pdf,2021-02-19 15:50:17,16374
image1,https://www.mandsconsulting.com/wp-content/uploads/image1-2.png,png,2021-02-24 11:44:48,16386
image2,https://www.mandsconsulting.com/wp-content/uploads/image2.jpg,jpg,2021-02-24 11:44:51,16387
image3,https://www.mandsconsulting.com/wp-content/uploads/image3-2.png,png,2021-02-24 11:44:55,16388
post_1536x768-4,https://www.mandsconsulting.com/wp-content/uploads/post_1536x768-4.png,png,2021-02-24 12:06:39,16396
SUSE-Linux-Free-Download,https://www.mandsconsulting.com/wp-content/uploads/SUSE-Linux-Free-Download.jpg,jpg,2021-02-24 12:06:48,16397
SUSE-Linux-Free-Download,https://www.mandsconsulting.com/wp-content/uploads/SUSE-Linux-Free-Download-1.jpg,jpg,2021-02-24 12:11:41,16399
SUSE-Linux-Free-Download,https://www.mandsconsulting.com/wp-content/uploads/SUSE-Linux-Free-Download-2.jpg,jpg,2021-02-24 12:13:58,16400
vadim-sherbakov-d6ebY-faOO0-unsplash,https://www.mandsconsulting.com/wp-content/uploads/vadim-sherbakov-d6ebY-faOO0-unsplash-scaled.jpg,jpg,2021-02-25 16:41:47,16406
vadim-sherbakov-d6ebY-faOO0-unsplash,https://www.mandsconsulting.com/wp-content/uploads/vadim-sherbakov-d6ebY-faOO0-unsplash-1-scaled.jpg,jpg,2021-02-25 16:46:26,16408
sander-weeteling-KABfjuSOx74-unsplash,https://www.mandsconsulting.com/wp-content/uploads/sander-weeteling-KABfjuSOx74-unsplash-scaled.jpg,jpg,2021-03-01 16:15:10,16423
image1,https://www.mandsconsulting.com/wp-content/uploads/image1-3.png,png,2021-03-02 15:22:09,16426
image2,https://www.mandsconsulting.com/wp-content/uploads/image2-2.png,png,2021-03-02 15:22:18,16427
blue3,https://www.mandsconsulting.com/wp-content/uploads/blue3.png,png,2021-03-16 12:48:35,16442
black1,https://www.mandsconsulting.com/wp-content/uploads/black1.png,png,2021-03-16 12:51:33,16443
IdAM - On Premise - Vendor Product Feature Matrix,https://www.mandsconsulting.com/wp-content/uploads/Copy-of-March-2021-IdAM-On-Premise-Vendor-Product-Feature-Matrix.png,png,2021-03-23 12:16:22,16454
well-architected-AWS,https://www.mandsconsulting.com/wp-content/uploads/well-architected-AWS.jpeg,jpeg,2021-03-24 15:36:34,16468
Integration-and-Security-page-headerimage,https://www.mandsconsulting.com/wp-content/uploads/Integration-and-Security-page-headerimage.jpeg,jpeg,2021-04-13 13:47:20,16480
MS-atlassian-announcement,https://www.mandsconsulting.com/wp-content/uploads/MS-atlassian-announcement.jpeg,jpeg,2021-04-14 14:19:53,16489
kong-combination-mark-color-256px,https://www.mandsconsulting.com/wp-content/uploads/kong-combination-mark-color-256px.png,png,2021-04-20 15:41:06,16500
swagger_logo_1,https://www.mandsconsulting.com/wp-content/uploads/swagger_logo_1.png,png,2021-04-20 15:41:08,16501
mulesoft,https://www.mandsconsulting.com/wp-content/uploads/mulesoft.jpg,jpg,2021-04-20 15:41:11,16502
Cloud-Technologies-MuleSoft,https://www.mandsconsulting.com/wp-content/uploads/Cloud-Technologies-MuleSoft.png,png,2021-04-20 15:42:10,16503
kubernetes-logo,https://www.mandsconsulting.com/wp-content/uploads/kubernetes-logo.png,png,2021-04-21 13:31:52,16508
SailPoint_logo,https://www.mandsconsulting.com/wp-content/uploads/SailPoint_logo.png,png,2021-04-21 14:06:34,16510
Splunk_logo,https://www.mandsconsulting.com/wp-content/uploads/Splunk_logo.png,png,2021-04-21 14:06:48,16511
MicroFocusLogo,https://www.mandsconsulting.com/wp-content/uploads/MicroFocusLogo.jpg,jpg,2021-04-21 14:06:55,16512
Ping-Identity-logo,https://www.mandsconsulting.com/wp-content/uploads/Ping-Identity-logo.png,png,2021-04-21 14:07:00,16513
SAVIYNT,https://www.mandsconsulting.com/wp-content/uploads/SAVIYNT.png,png,2021-04-21 14:07:03,16514
rainbow-oil-mixture-nero,https://www.mandsconsulting.com/wp-content/uploads/rainbow-oil-mixture-nero-scaled.jpg,jpg,2021-04-22 13:14:07,16519
nero-featured,https://www.mandsconsulting.com/wp-content/uploads/nero-featured.jpeg,jpeg,2021-04-22 13:22:26,16520
andre-francois-mckenzie-iGYiBhdNTpE-unsplash,https://www.mandsconsulting.com/wp-content/uploads/andre-francois-mckenzie-iGYiBhdNTpE-unsplash-scaled.jpg,jpg,2021-06-04 12:07:11,16567
ClipartKey_2290700 1,https://www.mandsconsulting.com/wp-content/uploads/ClipartKey_2290700-1.png,png,2021-06-04 16:08:35,16570
glossary-list-cryptocurrency-terms-acronyms-1-760x428,https://www.mandsconsulting.com/wp-content/uploads/glossary-list-cryptocurrency-terms-acronyms-1-760x428-1.jpg,jpg,2021-06-07 11:32:10,16577
glossary,https://www.mandsconsulting.com/wp-content/uploads/glossary.jpg,jpg,2021-06-07 11:32:51,16578
5-books-bitcoin-blockchain-crypto-1068x711,https://www.mandsconsulting.com/wp-content/uploads/5-books-bitcoin-blockchain-crypto-1068x711-1.jpg,jpg,2021-06-07 11:40:12,16580
wordpress-themes-for-cryptocurrency-blog-cover,https://www.mandsconsulting.com/wp-content/uploads/wordpress-themes-for-cryptocurrency-blog-cover.png,png,2021-06-07 11:41:05,16581
121587500-wave-of-particles-abstract-background-with-a-dynamic-wave-3d-rendering-,https://www.mandsconsulting.com/wp-content/uploads/121587500-wave-of-particles-abstract-background-with-a-dynamic-wave-3d-rendering-.jpg,jpg,2021-06-07 13:20:29,16583
icons8-chevron-up-64,https://www.mandsconsulting.com/wp-content/uploads/icons8-chevron-up-64.png,png,2021-06-07 14:29:14,16589
Digital blue dots background,https://www.mandsconsulting.com/wp-content/uploads/AdobeStock_301833011-scaled.jpeg,jpeg,2021-06-07 14:46:07,16594
papers.co-ve24-dots-pattern-black-and-blue-abstract-40-wallpaper,https://www.mandsconsulting.com/wp-content/uploads/papers.co-ve24-dots-pattern-black-and-blue-abstract-40-wallpaper-scaled.jpg,jpg,2021-06-07 14:47:18,16596
andre-francois-mckenzie-JrjhtBJ-pGU-unsplash,https://www.mandsconsulting.com/wp-content/uploads/andre-francois-mckenzie-JrjhtBJ-pGU-unsplash-scaled.jpg,jpg,2021-06-15 14:48:07,16620
EBD Logo,https://www.mandsconsulting.com/wp-content/uploads/EBD-Logo.png,png,2021-06-18 18:50:18,16643
M&S_Crypto_Marketing,https://www.mandsconsulting.com/wp-content/uploads/MS_Crypto_Marketing.png,png,2021-06-23 14:15:35,16645
lorenzo-herrera-p0j-mE6mGo4-unsplash,https://www.mandsconsulting.com/wp-content/uploads/lorenzo-herrera-p0j-mE6mGo4-unsplash-scaled.jpg,jpg,2021-06-25 17:51:00,16662
neil-mark-thomas-hgIJfyEaQQQ-unsplash (1),https://www.mandsconsulting.com/wp-content/uploads/neil-mark-thomas-hgIJfyEaQQQ-unsplash-1-scaled-e1624995258945.jpg,jpg,2021-06-29 13:57:49,16669
customdev,https://www.mandsconsulting.com/wp-content/uploads/customdev-scaled.jpg,jpg,2021-06-29 15:08:53,16674
anton-maksimov-juvnsky-MSzGw5V0ui8-unsplash,https://www.mandsconsulting.com/wp-content/uploads/anton-maksimov-juvnsky-MSzGw5V0ui8-unsplash-scaled.jpg,jpg,2021-06-29 15:14:33,16676
photo-1454165804606-c3d57bc86b40,https://www.mandsconsulting.com/wp-content/uploads/photo-1454165804606-c3d57bc86b40.png,png,2021-06-29 17:01:11,16683
marek-piwnicki-5cp6XMRnTs8-unsplash,https://www.mandsconsulting.com/wp-content/uploads/marek-piwnicki-5cp6XMRnTs8-unsplash-scaled.jpg,jpg,2021-06-29 17:22:56,16685
Custom Dev Product,https://www.mandsconsulting.com/wp-content/uploads/Custom-Dev-Product.png,png,2021-06-30 13:01:37,16694
Ringo Logo,https://www.mandsconsulting.com/wp-content/uploads/Ringo-Logo.png,png,2021-06-30 16:11:04,16705
henry-co-tqu0IOMaiU8-unsplash,https://www.mandsconsulting.com/wp-content/uploads/henry-co-tqu0IOMaiU8-unsplash-scaled.jpg,jpg,2021-06-30 16:41:11,16706
jean-philippe-delberghe-75xPHEQBmvA-unsplash,https://www.mandsconsulting.com/wp-content/uploads/jean-philippe-delberghe-75xPHEQBmvA-unsplash-scaled.jpg,jpg,2021-06-30 16:48:27,16707
ev-zQtmZjMdejU-unsplash,https://www.mandsconsulting.com/wp-content/uploads/ev-zQtmZjMdejU-unsplash-scaled.jpg,jpg,2021-06-30 16:51:27,16708
Banner,https://www.mandsconsulting.com/wp-content/uploads/Banner.png,png,2021-06-30 17:57:52,16709
Banner,https://www.mandsconsulting.com/wp-content/uploads/Banner-1.png,png,2021-06-30 18:03:29,16710
Banner,https://www.mandsconsulting.com/wp-content/uploads/Banner-2.png,png,2021-06-30 18:04:39,16711
Banner,https://www.mandsconsulting.com/wp-content/uploads/Banner-3-e1625145413853.png,png,2021-06-30 18:05:33,16712
Banner,https://www.mandsconsulting.com/wp-content/uploads/Banner-4.png,png,2021-06-30 18:06:34,16713
ISO-9001_2015-Certified-2021,https://www.mandsconsulting.com/wp-content/uploads/ISO-9001_2015-Certified-2021.png,png,2021-07-12 11:45:45,16721
certification-celebration-ISO 9001-2015,https://www.mandsconsulting.com/wp-content/uploads/certification-celebration-ISO-9001-2015.jpeg,jpeg,2021-07-12 12:55:39,16727
ISO-9001_2015-Certified-text,https://www.mandsconsulting.com/wp-content/uploads/ISO-9001_2015-Certified-text.png,png,2021-07-12 17:14:04,16728
timo-volz-9Psb5Q1TLD4-unsplash for posting,https://www.mandsconsulting.com/wp-content/uploads/timo-volz-9Psb5Q1TLD4-unsplash-for-posting.jpg,jpg,2021-07-15 15:15:09,16734
hazem.hower,https://www.mandsconsulting.com/wp-content/uploads/hazem.hower_-1.png,png,2021-08-05 15:09:57,16745
.NET Core,https://www.mandsconsulting.com/wp-content/uploads/NET-Core.png,png,2021-08-16 10:28:26,16748
.NET,https://www.mandsconsulting.com/wp-content/uploads/NET.png,png,2021-08-16 10:28:31,16749
NativeScript,https://www.mandsconsulting.com/wp-content/uploads/NativeScript.png,png,2021-08-16 10:28:37,16750
Tableau,https://www.mandsconsulting.com/wp-content/uploads/Tableau.png,png,2021-08-16 10:28:45,16752
USA-Migration-AWS,https://www.mandsconsulting.com/wp-content/uploads/USA-Migration-AWS.jpeg,jpeg,2021-09-10 14:56:07,16763
1. Create Lookup relationship,https://www.mandsconsulting.com/wp-content/uploads/1.-Create-Lookup-relationship.png,png,2021-09-15 11:12:00,16768
2. Create Text Field with Default Value,https://www.mandsconsulting.com/wp-content/uploads/2.-Create-Text-Field-with-Default-Value.png,png,2021-09-15 11:12:08,16769
3 Remove Custom Text Field from Page Layout,https://www.mandsconsulting.com/wp-content/uploads/3-Remove-Custom-Text-Field-from-Page-Layout.png,png,2021-09-15 11:12:15,16770
4. Run script to insert _All_ field value to existing records,https://www.mandsconsulting.com/wp-content/uploads/4.-Run-script-to-insert-_All_-field-value-to-existing-records.png,png,2021-09-15 11:12:21,16771
5. _Created for Search_ Field Populated After Running Script,https://www.mandsconsulting.com/wp-content/uploads/5.-_Created-for-Search_-Field-Populated-After-Running-Script.png,png,2021-09-15 11:12:29,16772
6. Type All in the Lookup Field Search,https://www.mandsconsulting.com/wp-content/uploads/6.-Type-All-in-the-Lookup-Field-Search.png,png,2021-09-15 11:12:34,16773
7. Lookup Field Showing All Accounts When Typing All,https://www.mandsconsulting.com/wp-content/uploads/7.-Lookup-Field-Showing-All-Accounts-When-Typing-All.png,png,2021-09-15 11:12:40,16774
InVideo___Project_ID__618pprenderfs_1630890307268,https://www.mandsconsulting.com/wp-content/uploads/InVideo___Project_ID__618pprenderfs_1630890307268.mp4,mp4,2021-09-15 12:04:58,16788
Salesforce_lookup,https://www.mandsconsulting.com/wp-content/uploads/Salesforce_lookup.png,png,2021-09-16 11:34:38,16804
togetherness,https://www.mandsconsulting.com/wp-content/uploads/togetherness.png,png,2021-10-29 16:29:48,16823
comm-of-mass-oracle-aws,https://www.mandsconsulting.com/wp-content/uploads/comm-of-mass-oracle-aws.jpeg,jpeg,2021-11-17 18:39:43,16838
SAP BRIM Building the Right Team,https://www.mandsconsulting.com/wp-content/uploads/SAP-BRIM-post2-teamwork.jpeg,jpeg,2021-12-02 17:30:04,16841
M&S Consulting SAP Silver Partner,https://www.mandsconsulting.com/wp-content/uploads/SAP-Silver.png,png,2022-02-01 10:45:11,16887
Salesforce FLS Security Access,https://www.mandsconsulting.com/wp-content/uploads/SecurityAccess.jpeg,jpeg,2022-02-01 16:26:02,16893
Salesforce-FLS-post,https://www.mandsconsulting.com/wp-content/uploads/Salesforce-FLS-post.jpeg,jpeg,2022-02-01 16:39:22,16899
foundation-building-oracle_ebs,https://www.mandsconsulting.com/wp-content/uploads/foundation-building-oracle_ebs.jpeg,jpeg,2022-03-08 16:57:31,16916
nathan-dumlao-LPRrEJU2GbQ-unsplash,https://www.mandsconsulting.com/wp-content/uploads/nathan-dumlao-LPRrEJU2GbQ-unsplash-1-scaled.jpg,jpg,2022-03-25 15:18:47,16925
oracle-ebs-upgrade-fast,https://www.mandsconsulting.com/wp-content/uploads/oracle-ebs-upgrade-fast.jpeg,jpeg,2022-03-28 16:16:07,16929
lecturehall-500x189,https://www.mandsconsulting.com/wp-content/uploads/lecturehall-500x189-1.png,png,2022-06-08 20:34:34,16957
mainlobby-500x259,https://www.mandsconsulting.com/wp-content/uploads/mainlobby-500x259-1.png,png,2022-06-08 20:37:38,16958
largestudy-500x188,https://www.mandsconsulting.com/wp-content/uploads/largestudy-500x188-1.png,png,2022-06-08 20:38:18,16959
foodandretail-500x280,https://www.mandsconsulting.com/wp-content/uploads/foodandretail-500x280-1.png,png,2022-06-08 20:40:42,16960
aescoffice-500x182,https://www.mandsconsulting.com/wp-content/uploads/aescoffice-500x182-1.png,png,2022-06-08 20:41:09,16961
conferenceroom-500x186,https://www.mandsconsulting.com/wp-content/uploads/conferenceroom-500x186-1.png,png,2022-06-08 20:42:56,16962
Sanu.Chadha,https://www.mandsconsulting.com/wp-content/uploads/Sanu.Chadha.png,png,2022-06-20 11:47:10,16964
Ashok.Aggarwal,https://www.mandsconsulting.com/wp-content/uploads/Ashok.Aggarwal.png,png,2022-06-20 11:49:16,16965
Tina.Mascaro,https://www.mandsconsulting.com/wp-content/uploads/Tina.Mascaro.png,png,2022-06-20 11:51:19,16966
Jay.Mason,https://www.mandsconsulting.com/wp-content/uploads/Jay.Mason_.png,png,2022-06-20 13:23:26,16968
Drew.Lytton,https://www.mandsconsulting.com/wp-content/uploads/Drew.Lytton.png,png,2022-06-20 13:47:25,16969
Snowflake Service Partner,https://www.mandsconsulting.com/wp-content/uploads/bug-sno-blue.png,png,2022-10-26 12:36:44,16990
Snowflake Service Partner,https://www.mandsconsulting.com/wp-content/uploads/SNO-SnowflakeLogo_blue.png,png,2022-10-26 12:38:06,16991
left-quote-o,https://www.mandsconsulting.com/wp-content/uploads/left-quote-o.png,png,2023-01-26 14:14:37,17001
sales-page-hero,https://www.mandsconsulting.com/wp-content/uploads/sales-page-hero.jpeg,jpeg,2023-02-15 10:36:10,17010
salesops-header-diagram-light,https://www.mandsconsulting.com/wp-content/uploads/salesops-header-diagram.png,png,2023-02-21 15:56:14,17018
salesops-header-diagram-dark,https://www.mandsconsulting.com/wp-content/uploads/salesops-header-diagram2.png,png,2023-02-21 15:56:16,17019
multi-cloud-layercake,https://www.mandsconsulting.com/wp-content/uploads/multi-cloud-layercake.jpeg,jpeg,2023-04-11 12:42:09,17048
Drew.Lytton,https://www.mandsconsulting.com/wp-content/uploads/Drew.Lytton-1.png,png,2023-05-05 13:34:28,17052
6-things-SOaaS,https://www.mandsconsulting.com/wp-content/uploads/6-things-SOaaS.jpeg,jpeg,2023-06-19 12:18:44,17060
arizona-state-university-logo,https://www.mandsconsulting.com/wp-content/uploads/arizona-state-university-logo-vertical.png,png,2023-06-26 14:15:09,17062
Casey.Zaitz,https://www.mandsconsulting.com/wp-content/uploads/Casey.Zaitz_-1.png,png,2023-07-20 15:50:23,17066
q-logo-2,https://www.mandsconsulting.com/wp-content/uploads/q-logo-2.png,png,2023-12-20 14:00:42,17087
Topography-lines-bright,https://www.mandsconsulting.com/wp-content/uploads/Topography-lines-bright-scaled.jpg,jpg,2023-12-20 14:04:51,17088
Spectrum Reach_ Improving AR and Data Processing for a More Flexible and Seamless Customer Experience,https://www.mandsconsulting.com/wp-content/uploads/Spectrum-Reach_-Improving-AR-and-Data-Processing-for-a-More-Flexible-and-Seamless-Customer-Experience.pdf,pdf,2024-01-11 11:37:15,17090
Success-Story-Spectrum-Reach,https://www.mandsconsulting.com/wp-content/uploads/Success-Story-Spectrum-Reach.jpg,jpg,2024-01-11 11:52:41,17091
art school consultant,https://www.mandsconsulting.com/wp-content/uploads/art-school-consultant.jpeg,jpeg,2024-01-22 16:21:36,17095
Art-taught-me-better-consultant,https://www.mandsconsulting.com/wp-content/uploads/Art-taught-me-better-consultant.jpeg,jpeg,2024-01-22 16:21:39,17096
umbrellas-in-the-sky,https://www.mandsconsulting.com/wp-content/uploads/umbrellas-in-the-sky-scaled-e1708637802541.jpeg,jpeg,2024-01-31 15:10:53,17099
people-working-at-whiteboard,https://www.mandsconsulting.com/wp-content/uploads/man-woman-at-whiteboard.jpeg,jpeg,2024-01-31 15:16:37,17100
SAPinsider-logo-white,https://www.mandsconsulting.com/wp-content/uploads/SAPinsider-logo-white.svg,svg,2024-01-31 16:50:26,17102
sapinsider-logo,https://www.mandsconsulting.com/wp-content/uploads/sapinsider-logo-e1706736875331.jpeg,jpeg,2024-01-31 17:31:35,17103
Google_Cloud_logo,https://www.mandsconsulting.com/wp-content/uploads/Google_Cloud_logo.svg,svg,2024-02-07 13:16:06,17108
jj-ying-azCTGObXR14-unsplash,https://www.mandsconsulting.com/wp-content/uploads/jj-ying-azCTGObXR14-unsplash-scaled.jpg,jpg,2024-02-14 21:46:30,17113
2560px-Amazon_Web_Services_Logo.svg,https://www.mandsconsulting.com/wp-content/uploads/2560px-Amazon_Web_Services_Logo.svg.png,png,2024-02-15 14:28:27,17115
atlassian-logo-DF2FCF6E4D-seeklogo.com_,https://www.mandsconsulting.com/wp-content/uploads/atlassian-logo-DF2FCF6E4D-seeklogo.com_.png,png,2024-02-15 14:30:00,17116
2560px-Atlassian-logo.svg,https://www.mandsconsulting.com/wp-content/uploads/2560px-Atlassian-logo.svg.png,png,2024-02-15 14:30:30,17117
aws-logo-1,https://www.mandsconsulting.com/wp-content/uploads/aws-logo-1.png,png,2024-02-15 15:59:17,17120
microsoft-1,https://www.mandsconsulting.com/wp-content/uploads/microsoft-1.png,png,2024-02-15 16:00:01,17122
oracle-1,https://www.mandsconsulting.com/wp-content/uploads/oracle-1.png,png,2024-02-15 16:04:47,17123
sap,https://www.mandsconsulting.com/wp-content/uploads/sap.png,png,2024-02-15 16:06:42,17124
salesforce-1,https://www.mandsconsulting.com/wp-content/uploads/salesforce-1.png,png,2024-02-15 16:07:44,17125
sap-2,https://www.mandsconsulting.com/wp-content/uploads/sap-2.png,png,2024-02-15 16:18:22,17126
Convert-Salesforce-Person-Accounts-to-Business-Accounts-1,https://www.mandsconsulting.com/wp-content/uploads/Convert-Salesforce-Person-Accounts-to-Business-Accounts-1.png,png,2024-02-20 15:35:15,17140
pexels-photo-10361106-1,https://www.mandsconsulting.com/wp-content/uploads/pexels-photo-10361106-1-scaled.jpg,jpg,2024-02-21 14:38:51,17142
three-team-hands,https://www.mandsconsulting.com/wp-content/uploads/three-team-hands-scaled.jpg,jpg,2024-02-23 14:12:47,17144
aaron-burden-GFpxQ2ZyNc0-unsplash,https://www.mandsconsulting.com/wp-content/uploads/aaron-burden-GFpxQ2ZyNc0-unsplash.jpg,jpg,2024-02-23 14:18:51,17145
aaron-burden-GFpxQ2ZyNc0-unsplash,https://www.mandsconsulting.com/wp-content/uploads/aaron-burden-GFpxQ2ZyNc0-unsplash-1.jpg,jpg,2024-02-23 14:21:44,17146
hotairballoons,https://www.mandsconsulting.com/wp-content/uploads/hotairballoons-scaled.jpg,jpg,2024-02-23 14:26:42,17147
sapinsider-logo-e1706736875331,https://www.mandsconsulting.com/wp-content/uploads/sapinsider-logo-e1706736875331.jpg,jpg,2024-03-11 17:22:14,17161
towfiqu-barbhuiya-K_kXe_4TkwU-unsplash,https://www.mandsconsulting.com/wp-content/uploads/towfiqu-barbhuiya-K_kXe_4TkwU-unsplash-scaled-1.jpg,jpg,2024-03-04 17:35:43,17182
thank-you,https://www.mandsconsulting.com/wp-content/uploads/thank-you-scaled-1.jpg,jpg,2024-03-04 17:39:40,17183
keep-things-simple,https://www.mandsconsulting.com/wp-content/uploads/keep-things-simple-scaled-1.jpg,jpg,2024-03-06 16:56:19,17195
futuristic-server-room-network-connections-data-center-concept-abstract-techn-uvynqzup,https://www.mandsconsulting.com/wp-content/uploads/futuristic-server-room-network-connections-data-center-concept-abstract-techn-uvynqzup-scaled-1.jpeg,jpeg,2024-02-29 21:20:36,71690
well-architected-AWS,https://www.mandsconsulting.com/wp-content/uploads/well-architected-AWS.jpg,jpg,2024-03-11 17:25:22,17162
well-architected-AWS,https://www.mandsconsulting.com/wp-content/uploads/well-architected-AWS-1.jpg,jpg,2024-03-12 16:56:09,17175
insurance-2-211-2,https://www.mandsconsulting.com/wp-content/uploads/insurance-2-211-2.png,png,2024-06-06 15:31:04,17187
cowomen-ZKHksse8tUU-unsplash,https://www.mandsconsulting.com/wp-content/uploads/cowomen-ZKHksse8tUU-unsplash-scaled-1.jpg,jpg,2024-03-15 15:25:35,17205
tobias-keller-2ecH5Lw3zSk-unsplash,https://www.mandsconsulting.com/wp-content/uploads/tobias-keller-2ecH5Lw3zSk-unsplash-scaled-1.jpg,jpg,2024-03-19 15:33:01,17207
sunwave_Elevate_Your_Enterprise_Turn_Your_Salesforce_Organizati_06a0e488-af59-4f79-bb41-cdb25f5663f4,https://www.mandsconsulting.com/wp-content/uploads/sunwave_Elevate_Your_Enterprise_Turn_Your_Salesforce_Organizati_06a0e488-af59-4f79-bb41-cdb25f5663f4.jpg,jpg,2024-04-05 13:44:25,17226
sunwave_Elevate_Your_Enterprise_Turn_Your_Salesforce_Organizati_cc3f2a8b-e188-4389-9eff-9c5698613f25,https://www.mandsconsulting.com/wp-content/uploads/sunwave_Elevate_Your_Enterprise_Turn_Your_Salesforce_Organizati_cc3f2a8b-e188-4389-9eff-9c5698613f25.webp,webp,2024-04-11 17:44:10,17228
Firefly network of information and a government building 8003,https://www.mandsconsulting.com/wp-content/uploads/Firefly-network-of-information-and-a-government-building-8003-scaled-1.jpg,jpg,2024-04-17 14:37:20,17241
Leo Tomé,https://www.mandsconsulting.com/wp-content/uploads/Leo.Tome_.png,png,2024-04-19 16:19:56,17246
growth-engine-pt3,https://www.mandsconsulting.com/wp-content/uploads/growth-engine-pt3.png,png,2024-04-25 15:31:16,17263
rise-with-sap,https://www.mandsconsulting.com/wp-content/uploads/rise-with-sap-scaled-1.jpg,jpg,2024-05-03 14:37:07,17271
1706913942989,https://www.mandsconsulting.com/wp-content/uploads/1706913942989.jpg,jpg,2024-05-03 14:38:14,17272
1713473467223,https://www.mandsconsulting.com/wp-content/uploads/1713473467223.jpeg,jpeg,2024-06-07 15:29:58,17288
"DALL·E 2024-06-07 14.41.01 - A modern but friendly abstract image featuring three Greek architectural pillars. The image uses light and abstract colors, with each pillar represent",https://www.mandsconsulting.com/wp-content/uploads/DALL·E-2024-06-07-14.41.01-A-modern-but-friendly-abstract-image-featuring-three-Greek-architectural-pillars.-The-image-uses-light-and-abstract-colors-with-each-pillar-represent-e1717789588395.png,png,2024-06-07 15:42:15,17289
allison-saeng-uZthhhE_i1Y-unsplash,https://www.mandsconsulting.com/wp-content/uploads/allison-saeng-uZthhhE_i1Y-unsplash-scaled-e1717790693443.jpg,jpg,2024-06-07 15:48:44,17290
getty-images-RLWN4yNfj6g-unsplash,https://www.mandsconsulting.com/wp-content/uploads/getty-images-RLWN4yNfj6g-unsplash-scaled-1.jpg,jpg,2024-06-07 15:58:56,17291
planet-volumes-FmdgBCt8UCs-unsplash,https://www.mandsconsulting.com/wp-content/uploads/planet-volumes-FmdgBCt8UCs-unsplash-scaled-1.jpg,jpg,2024-06-07 15:59:13,17292
headshotcircle,https://www.mandsconsulting.com/wp-content/uploads/headshotcircle.png,png,2024-06-10 10:44:44,17293
MS-Logo-Web-H-500x164-White-White,https://www.mandsconsulting.com/wp-content/uploads/MS-Logo-Web-H-500x164-White-White-1.svg,svg,2024-06-10 14:41:19,71354
2560px-Atlassian-logo.svg,https://www.mandsconsulting.com/wp-content/uploads/2560px-Atlassian-logo.svg-1.png,png,2024-06-25 15:12:13,71381
javier-allegue-barros-0nOP5iHVaZ8-unsplash,https://www.mandsconsulting.com/wp-content/uploads/javier-allegue-barros-0nOP5iHVaZ8-unsplash-scaled-1.jpg,jpg,2024-07-11 12:12:20,17303
jens-lelie-u0vgcIOQG08-unsplash,https://www.mandsconsulting.com/wp-content/uploads/jens-lelie-u0vgcIOQG08-unsplash-scaled-1.jpg,jpg,2024-07-11 12:12:47,17304
javier-allegue-barros-C7B-ExXpOIE-unsplash,https://www.mandsconsulting.com/wp-content/uploads/javier-allegue-barros-C7B-ExXpOIE-unsplash-scaled-1.jpg,jpg,2024-07-11 12:16:00,17305
azzedine-rouichi-p-2PzLp37Qk-unsplash,https://www.mandsconsulting.com/wp-content/uploads/azzedine-rouichi-p-2PzLp37Qk-unsplash-scaled-1.jpg,jpg,2024-07-11 12:16:54,17306
1686091928517,https://www.mandsconsulting.com/wp-content/uploads/1686091928517.jpeg,jpeg,2024-07-11 12:18:56,17307
carahsoftpressreleasehaader,https://www.mandsconsulting.com/wp-content/uploads/carahsoftpressreleasehaader-scaled-1.jpg,jpg,2024-07-19 16:07:48,17316
carahsoftpressreleasehaader2,https://www.mandsconsulting.com/wp-content/uploads/carahsoftpressreleasehaader2-scaled-1.jpg,jpg,2024-07-19 16:09:47,17317
carahsoftpressreleasehaader3,https://www.mandsconsulting.com/wp-content/uploads/carahsoftpressreleasehaader3-scaled-1.jpg,jpg,2024-07-22 12:05:30,17318
microsoft-365-bWL-c09Ys80-unsplash,https://www.mandsconsulting.com/wp-content/uploads/microsoft-365-bWL-c09Ys80-unsplash-scaled-1.jpg,jpg,2024-07-26 15:36:32,17328
4-1,https://www.mandsconsulting.com/wp-content/uploads/4-1.jpg,jpg,2024-07-29 14:02:07,17329
surface-4Kg-H7rvgTo-unsplash,https://www.mandsconsulting.com/wp-content/uploads/surface-4Kg-H7rvgTo-unsplash-scaled-1.jpg,jpg,2024-08-01 15:24:50,17331
GettyImages-1354846583,https://www.mandsconsulting.com/wp-content/uploads/GettyImages-1354846583.webp,webp,2024-08-01 15:25:34,17332
surface-N3pANeH2AAI-unsplash,https://www.mandsconsulting.com/wp-content/uploads/surface-N3pANeH2AAI-unsplash.jpg,jpg,2024-08-01 15:25:45,17333
simon-kadula-8gr6bObQLOI-unsplash,https://www.mandsconsulting.com/wp-content/uploads/simon-kadula-8gr6bObQLOI-unsplash-scaled-1.jpg,jpg,2024-08-05 14:08:32,17341
mohammad-rahmani-oXlXu2qukGE-unsplash,https://www.mandsconsulting.com/wp-content/uploads/mohammad-rahmani-oXlXu2qukGE-unsplash-scaled-1.jpg,jpg,2024-08-06 14:35:27,17346
kees-streefkerk-O3g3s-K3xKI-unsplash,https://www.mandsconsulting.com/wp-content/uploads/kees-streefkerk-O3g3s-K3xKI-unsplash-scaled-1.jpg,jpg,2024-08-09 13:11:35,17349
MS-AI-Roadmap-2024,https://www.mandsconsulting.com/wp-content/uploads/MS-AI-Roadmap-2024.jpg,jpg,2024-08-09 13:15:47,17350
MS-AI-Roadmap-2024-1,https://www.mandsconsulting.com/wp-content/uploads/MS-AI-Roadmap-2024-1-scaled-1.jpg,jpg,2024-08-09 13:17:38,17351
spacex--p-KCm6xB9I-unsplash,https://www.mandsconsulting.com/wp-content/uploads/spacex-p-KCm6xB9I-unsplash-scaled-1.jpg,jpg,2024-08-12 09:43:27,17354
aws-logo,https://www.mandsconsulting.com/wp-content/uploads/aws-logo.webp,webp,2024-06-25 15:27:09,71383
neom-85ey1vFIwkc-unsplash,https://www.mandsconsulting.com/wp-content/uploads/neom-85ey1vFIwkc-unsplash-scaled-e1723479874143.jpg,jpg,2024-08-12 09:44:52,17355
blog_pictures2F4-tips-for-setting-up-server-room-for-your-company_F36BTo6,https://www.mandsconsulting.com/wp-content/uploads/blog_pictures2F4-tips-for-setting-up-server-room-for-your-company_F36BTo6.jpg,jpg,2024-08-12 12:26:37,17359
joshua-sortino-LqKhnDzSF-8-unsplash,https://www.mandsconsulting.com/wp-content/uploads/joshua-sortino-LqKhnDzSF-8-unsplash-scaled-1.jpg,jpg,2024-08-19 17:50:20,17366
piotr-chrobot-M0WbGFRTXqU-unsplash,https://www.mandsconsulting.com/wp-content/uploads/piotr-chrobot-M0WbGFRTXqU-unsplash-scaled-1.jpg,jpg,2024-08-19 18:13:30,17369
S4-Hana_s4-hana,https://www.mandsconsulting.com/wp-content/uploads/S4-Hana_s4-hana.jpg,jpg,2024-08-19 18:14:50,17370
M&S-Geometric-Texture-Collages9,https://www.mandsconsulting.com/wp-content/uploads/MS-Geometric-Texture-Collages9.png,png,2024-08-12 13:44:12,71395
home-hero,https://www.mandsconsulting.com/wp-content/uploads/home-hero.mp4,mp4,2024-08-21 14:53:12,71414
M&S-Geometric-Texture-Collages-2x9,https://www.mandsconsulting.com/wp-content/uploads/MS-Geometric-Texture-Collages-2x9-1.png,png,2024-08-21 15:04:12,71415
department-of-justice,https://www.mandsconsulting.com/wp-content/uploads/department-of-justice.png,png,2024-08-21 18:54:46,71416
subaru,https://www.mandsconsulting.com/wp-content/uploads/subaru.png,png,2024-08-21 18:56:04,71417
transocean,https://www.mandsconsulting.com/wp-content/uploads/transocean.png,png,2024-08-21 18:56:38,71418
harvard,https://www.mandsconsulting.com/wp-content/uploads/harvard.png,png,2024-08-21 18:57:09,71419
charter-logo,https://www.mandsconsulting.com/wp-content/uploads/charter-logo.png,png,2024-08-22 18:13:55,71420
skanska-logo,https://www.mandsconsulting.com/wp-content/uploads/skanska-logo.png,png,2024-08-22 18:14:54,71421
modcloth-logo,https://www.mandsconsulting.com/wp-content/uploads/modcloth-logo.png,png,2024-08-22 18:15:31,71423
toshiba-logo,https://www.mandsconsulting.com/wp-content/uploads/toshiba-logo.png,png,2024-08-22 18:16:32,71424
wv-logo,https://www.mandsconsulting.com/wp-content/uploads/wv-logo.png,png,2024-08-23 17:36:17,71425
eqt-logo,https://www.mandsconsulting.com/wp-content/uploads/eqt-logo.png,png,2024-08-23 17:36:53,71426
aopa-logo,https://www.mandsconsulting.com/wp-content/uploads/aopa-logo.png,png,2024-08-23 17:38:54,71427
pcori-logo,https://www.mandsconsulting.com/wp-content/uploads/pcori-logo.png,png,2024-08-23 17:39:24,71428
mediensturmer-aWf7mjwwJJo-unsplash,https://www.mandsconsulting.com/wp-content/uploads/mediensturmer-aWf7mjwwJJo-unsplash-scaled-1.jpg,jpg,2024-08-26 14:04:32,17372
thisisengineering-ZPeXrWxOjRQ-unsplash,https://www.mandsconsulting.com/wp-content/uploads/thisisengineering-ZPeXrWxOjRQ-unsplash.jpg,jpg,2024-08-26 14:13:36,17373
Thumbnail 001 HC,https://www.mandsconsulting.com/wp-content/uploads/Thumbnail-001-HC-scaled-1.jpg,jpg,2024-08-27 16:27:25,17375
ShownotesHeader,https://www.mandsconsulting.com/wp-content/uploads/ShownotesHeader.jpg,jpg,2024-08-27 16:42:44,17376
nat-Qerg85B7JDI-unsplash,https://www.mandsconsulting.com/wp-content/uploads/nat-Qerg85B7JDI-unsplash-scaled-1.jpg,jpg,2024-09-03 12:18:50,17379
Candace _ Quinn Blog Interview (2024-07-03 13_41 GMT-5),https://www.mandsconsulting.com/wp-content/uploads/Candace-_-Quinn-Blog-Interview-2024-07-03-13_41-GMT-5-scaled-1.jpg,jpg,2024-09-09 11:10:41,17391
ShownotesHeader,https://www.mandsconsulting.com/wp-content/uploads/ShownotesHeader-1.jpg,jpg,2024-09-09 14:51:50,17394
alexander-mils-6mtrf5FScxo-unsplash,https://www.mandsconsulting.com/wp-content/uploads/alexander-mils-6mtrf5FScxo-unsplash-scaled-1.jpg,jpg,2024-09-16 12:34:15,17396
fbi-logo-2,https://www.mandsconsulting.com/wp-content/uploads/fbi-logo-2.png,png,2024-08-23 17:40:01,71430
carnegie-mellon-logo,https://www.mandsconsulting.com/wp-content/uploads/carnegie-mellon-logo.png,png,2024-08-23 18:19:51,71433
tjx-logo,https://www.mandsconsulting.com/wp-content/uploads/tjx-logo.png,png,2024-08-23 18:20:28,71434
westinghouse-logo,https://www.mandsconsulting.com/wp-content/uploads/westinghouse-logo.png,png,2024-08-23 18:20:54,71435
iron-bow-logo,https://www.mandsconsulting.com/wp-content/uploads/iron-bow-logo.png,png,2024-08-23 18:21:17,71436
nasa-logo,https://www.mandsconsulting.com/wp-content/uploads/nasa-logo.png,png,2024-08-23 18:21:38,71437
kraft-logo,https://www.mandsconsulting.com/wp-content/uploads/kraft-logo.png,png,2024-08-23 18:22:02,71438
Enterprise Applications Icon - Blue,https://www.mandsconsulting.com/wp-content/uploads/dashboard_customize_24dp_002C77_FILL0_wght400_GRAD0_opsz24.svg,svg,2024-09-16 12:06:05,71467
it-services-02,https://www.mandsconsulting.com/wp-content/uploads/it-services-02.jpg,jpg,2024-09-16 13:22:59,71471
line-icons-53,https://www.mandsconsulting.com/wp-content/uploads/line-icons-53.png,png,2024-09-16 13:23:00,71472
lifesaver_64px,https://www.mandsconsulting.com/wp-content/uploads/lifesaver_64px.png,png,2024-09-16 13:23:00,71473
layers_64px,https://www.mandsconsulting.com/wp-content/uploads/layers_64px.png,png,2024-09-16 13:23:00,71474
global_64px,https://www.mandsconsulting.com/wp-content/uploads/global_64px.png,png,2024-09-16 13:23:01,71475
line-icons-76,https://www.mandsconsulting.com/wp-content/uploads/line-icons-76.png,png,2024-09-16 13:23:03,71476
line-icons-35,https://www.mandsconsulting.com/wp-content/uploads/line-icons-35.png,png,2024-09-16 13:23:03,71477
img-15,https://www.mandsconsulting.com/wp-content/uploads/img-15.jpg,jpg,2024-09-16 13:23:03,71478
it-services-04,https://www.mandsconsulting.com/wp-content/uploads/it-services-04.jpg,jpg,2024-09-16 13:23:03,71479
it-services-03,https://www.mandsconsulting.com/wp-content/uploads/it-services-03.png,png,2024-09-16 13:23:04,71480
img-13,https://www.mandsconsulting.com/wp-content/uploads/img-13.jpg,jpg,2024-09-16 13:23:07,71481
img-06,https://www.mandsconsulting.com/wp-content/uploads/img-06.png,png,2024-09-16 13:23:07,71482
quote-light,https://www.mandsconsulting.com/wp-content/uploads/quote-light.png,png,2024-09-16 13:23:07,71483
quote-dark,https://www.mandsconsulting.com/wp-content/uploads/quote-dark.png,png,2024-09-16 13:23:08,71484
PracticeArea-Icons-_Enterprise Applications,https://www.mandsconsulting.com/wp-content/uploads/PracticeArea-Icons-_Enterprise-Applications.svg,svg,2024-09-16 13:42:29,71486
PracticeArea-Icons-_Cybersecurity Identity Management,https://www.mandsconsulting.com/wp-content/uploads/PracticeArea-Icons-_Cybersecurity-Identity-Management.svg,svg,2024-09-16 13:42:30,71487
PracticeArea-Icons-_Agile PM ITSM,https://www.mandsconsulting.com/wp-content/uploads/PracticeArea-Icons-_Agile-PM-ITSM.svg,svg,2024-09-16 13:42:31,71488
PracticeArea-Icons-_Emerging Tech AI,https://www.mandsconsulting.com/wp-content/uploads/PracticeArea-Icons-_Emerging-Tech-AI.svg,svg,2024-09-16 13:42:32,71489
PracticeArea-Icons-_Data Analytics Integrtation,https://www.mandsconsulting.com/wp-content/uploads/PracticeArea-Icons-_Data-Analytics-Integrtation.svg,svg,2024-09-16 13:42:33,71490
PracticeArea-Icons-_Cloud and Infra,https://www.mandsconsulting.com/wp-content/uploads/PracticeArea-Icons-_Cloud-and-Infra.svg,svg,2024-09-16 13:42:34,71491
SAP Service Line,https://www.mandsconsulting.com/wp-content/uploads/Software-Logo-7ServiceLine.svg,svg,2024-09-16 14:09:31,71496
Atlassian Service Line,https://www.mandsconsulting.com/wp-content/uploads/Atlassian-Service-Line.svg,svg,2024-09-16 14:14:11,71498
AWS Service Line,https://www.mandsconsulting.com/wp-content/uploads/AWS-Service-Line.svg,svg,2024-09-16 14:14:13,71499
Microsoft Service Line,https://www.mandsconsulting.com/wp-content/uploads/Microsoft-Service-Line.svg,svg,2024-09-16 14:14:14,71500
Oracle Service Line,https://www.mandsconsulting.com/wp-content/uploads/Oracle-Service-Line.svg,svg,2024-09-16 14:14:15,71501
Salesforce Service Line,https://www.mandsconsulting.com/wp-content/uploads/Salesforce-Service-Line.svg,svg,2024-09-16 14:14:16,71502
Snowflake Service Line,https://www.mandsconsulting.com/wp-content/uploads/Snowflake-Service-Line.svg,svg,2024-09-16 14:14:17,71503
curated-lifestyle-tO8wazuxn_U-unsplash,https://www.mandsconsulting.com/wp-content/uploads/curated-lifestyle-tO8wazuxn_U-unsplash-scaled.jpg,jpg,2024-09-16 14:21:00,71504
curated-lifestyle-kGYWfeL8_64-unsplash,https://www.mandsconsulting.com/wp-content/uploads/curated-lifestyle-kGYWfeL8_64-unsplash-scaled.jpg,jpg,2024-09-16 14:21:14,71505
getty-images-a5AforzBKwc-unsplash,https://www.mandsconsulting.com/wp-content/uploads/getty-images-a5AforzBKwc-unsplash-scaled.jpg,jpg,2024-09-16 14:21:34,71506
getty-images-U97o8FkCQ1I-unsplash,https://www.mandsconsulting.com/wp-content/uploads/getty-images-U97o8FkCQ1I-unsplash.jpg,jpg,2024-09-16 14:21:49,71507
getty-images-e_7o47av_Ic-unsplash (1),https://www.mandsconsulting.com/wp-content/uploads/getty-images-e_7o47av_Ic-unsplash-1-scaled.jpg,jpg,2024-09-16 14:22:23,71508
ahmet-kurt-bVtf_73452c-unsplash,https://www.mandsconsulting.com/wp-content/uploads/ahmet-kurt-bVtf_73452c-unsplash-scaled.jpg,jpg,2024-09-16 14:22:38,71509
toa-heftiba-FldkziOS26w-unsplash,https://www.mandsconsulting.com/wp-content/uploads/toa-heftiba-FldkziOS26w-unsplash-scaled.jpg,jpg,2024-09-16 14:22:56,71510
getty-images-e_7o47av_Ic-unsplash,https://www.mandsconsulting.com/wp-content/uploads/getty-images-e_7o47av_Ic-unsplash-scaled.jpg,jpg,2024-09-16 14:23:11,71512
flying-object--9Re0x3_MoM-unsplash,https://www.mandsconsulting.com/wp-content/uploads/flying-object-9Re0x3_MoM-unsplash-scaled.jpg,jpg,2024-09-16 15:29:02,71521
sonika-agarwal-iLJQYFCuaVw-unsplash,https://www.mandsconsulting.com/wp-content/uploads/sonika-agarwal-iLJQYFCuaVw-unsplash-scaled.jpg,jpg,2024-09-16 15:29:09,71522
sonika-agarwal-EIWc6ovp4dY-unsplash,https://www.mandsconsulting.com/wp-content/uploads/sonika-agarwal-EIWc6ovp4dY-unsplash-scaled.jpg,jpg,2024-09-16 15:29:21,71523
large white circle 3pt stroke,https://www.mandsconsulting.com/wp-content/uploads/large-white-circle-3pt-stroke.svg,svg,2024-09-16 16:36:42,71528
Hubzone-certified,https://www.mandsconsulting.com/wp-content/uploads/Hubzone-certified.png,png,2024-09-17 10:09:47,71544
WOSB Certified,https://www.mandsconsulting.com/wp-content/uploads/WOSB-Certified.png,png,2024-09-17 10:10:55,71545
ISO-9001_2015,https://www.mandsconsulting.com/wp-content/uploads/ISO-9001_2015.png,png,2024-09-17 10:11:54,71546
GSA Contract Holder,https://www.mandsconsulting.com/wp-content/uploads/GSA-Contract-Holder.png,png,2024-09-17 10:12:28,71547
HiringOurHeroes,https://www.mandsconsulting.com/wp-content/uploads/HiringOurHeroes.png,png,2024-09-17 10:13:41,71548
Pledge1perc-proudmember,https://www.mandsconsulting.com/wp-content/uploads/Pledge1perc-proudmember.png,png,2024-09-17 10:14:56,71549
Salesforce-Talent-Alliance,https://www.mandsconsulting.com/wp-content/uploads/Salesforce-Talent-Alliance.png,png,2024-09-17 10:16:31,71551
M&S-Geometric-Texture-Collages-2x,https://www.mandsconsulting.com/wp-content/uploads/MS-Geometric-Texture-Collages-2x.png,png,2024-09-17 11:24:57,71552
M&S-Geometric-Texture-Collages-2x2,https://www.mandsconsulting.com/wp-content/uploads/MS-Geometric-Texture-Collages-2x2-1.png,png,2024-09-17 11:25:03,71553
M&S-Geometric-Texture-Collages-2x3,https://www.mandsconsulting.com/wp-content/uploads/MS-Geometric-Texture-Collages-2x3-1.png,png,2024-09-17 11:25:08,71554
M&S-Geometric-Texture-Collages-2x4,https://www.mandsconsulting.com/wp-content/uploads/MS-Geometric-Texture-Collages-2x4-1.png,png,2024-09-17 11:25:13,71555
M&S-Geometric-Texture-Collages-2x5,https://www.mandsconsulting.com/wp-content/uploads/MS-Geometric-Texture-Collages-2x5-1.png,png,2024-09-17 11:25:17,71556
M&S-Geometric-Texture-Collages-2x6,https://www.mandsconsulting.com/wp-content/uploads/MS-Geometric-Texture-Collages-2x6-1.png,png,2024-09-17 11:25:24,71557
M&S-Geometric-Texture-Collages-2x7,https://www.mandsconsulting.com/wp-content/uploads/MS-Geometric-Texture-Collages-2x7-1.png,png,2024-09-17 11:25:40,71558
M&S-Geometric-Texture-Collages-2x8,https://www.mandsconsulting.com/wp-content/uploads/MS-Geometric-Texture-Collages-2x8-1.png,png,2024-09-17 11:25:55,71559
M&S-Geometric-Texture-Collages-2x9,https://www.mandsconsulting.com/wp-content/uploads/MS-Geometric-Texture-Collages-2x9-2.png,png,2024-09-17 11:26:09,71560
M&S-Geometric-Texture-Collages10,https://www.mandsconsulting.com/wp-content/uploads/MS-Geometric-Texture-Collages10.png,png,2024-09-17 16:38:54,71579
M&S-Geometric-Texture-Collages-2x-Faded,https://www.mandsconsulting.com/wp-content/uploads/MS-Geometric-Texture-Collages-2x-Faded.png,png,2024-09-17 18:55:28,71583
getty-images-9NApDwR118E-unsplash,https://www.mandsconsulting.com/wp-content/uploads/getty-images-9NApDwR118E-unsplash-scaled.jpg,jpg,2024-09-18 12:49:02,71588
getty-images-b88eUtKRjYY-unsplash,https://www.mandsconsulting.com/wp-content/uploads/getty-images-b88eUtKRjYY-unsplash-scaled.jpg,jpg,2024-09-18 12:49:16,71589
getty-images--8a4dkrQ1r4-unsplash,https://www.mandsconsulting.com/wp-content/uploads/getty-images-8a4dkrQ1r4-unsplash-scaled.jpg,jpg,2024-09-18 12:49:29,71590
getty-images-mjCkN86NZis-unsplash,https://www.mandsconsulting.com/wp-content/uploads/getty-images-mjCkN86NZis-unsplash-scaled.jpg,jpg,2024-09-18 12:49:43,71591
getty-images-GUeKXoaAjhs-unsplash,https://www.mandsconsulting.com/wp-content/uploads/getty-images-GUeKXoaAjhs-unsplash-scaled.jpg,jpg,2024-09-18 12:50:01,71592
getty-images-jlY4MGjGT68-unsplash,https://www.mandsconsulting.com/wp-content/uploads/getty-images-jlY4MGjGT68-unsplash-scaled.jpg,jpg,2024-09-18 12:51:33,71593
getty-images--c-n9UEuAI4-unsplash,https://www.mandsconsulting.com/wp-content/uploads/getty-images-c-n9UEuAI4-unsplash-scaled.jpg,jpg,2024-09-18 12:51:47,71594
getty-images-5X891zToN1M-unsplash (1),https://www.mandsconsulting.com/wp-content/uploads/getty-images-5X891zToN1M-unsplash-1-scaled.jpg,jpg,2024-09-18 12:52:01,71595
getty-images-B-9BygDWDjc-unsplash,https://www.mandsconsulting.com/wp-content/uploads/getty-images-B-9BygDWDjc-unsplash-scaled.jpg,jpg,2024-09-18 12:52:16,71596
getty-images-5X891zToN1M-unsplash,https://www.mandsconsulting.com/wp-content/uploads/getty-images-5X891zToN1M-unsplash-scaled.jpg,jpg,2024-09-18 12:52:30,71597
mandshero,https://www.mandsconsulting.com/wp-content/uploads/mandshero.webm,webm,2024-09-18 13:21:56,71602
Ashok-Aggarwal-ManagingPartner-Headshot,https://www.mandsconsulting.com/wp-content/uploads/Ashok-Aggarwal-ManagingPartner-Headshot.jpeg,jpeg,2024-09-19 12:44:54,71620
AtlassianServiceLine,https://www.mandsconsulting.com/wp-content/uploads/AtlassianServiceLine.png,png,2024-09-19 12:53:08,71622
AWSServiceLine,https://www.mandsconsulting.com/wp-content/uploads/AWSServiceLine.png,png,2024-09-19 12:53:09,71623
MicrosoftServiceLine,https://www.mandsconsulting.com/wp-content/uploads/MicrosoftServiceLine.png,png,2024-09-19 12:53:11,71624
OracleServiceLine,https://www.mandsconsulting.com/wp-content/uploads/OracleServiceLine.png,png,2024-09-19 12:53:12,71625
SalesforceServiceLine,https://www.mandsconsulting.com/wp-content/uploads/SalesforceServiceLine.png,png,2024-09-19 12:53:14,71626
SAPServiceLine,https://www.mandsconsulting.com/wp-content/uploads/SAPServiceLine.png,png,2024-09-19 12:53:15,71627
SnowflakeServiceLine,https://www.mandsconsulting.com/wp-content/uploads/SnowflakeServiceLine.png,png,2024-09-19 12:53:17,71628
Young business people in office,https://www.mandsconsulting.com/wp-content/uploads/Diverse-Group-Working-AdobeStock_300144034-scaled.jpeg,jpeg,2024-09-19 14:43:11,71631
Ben-Berry-video-lead-headshot,https://www.mandsconsulting.com/wp-content/uploads/Ben-Berry-video-lead-headshot.png,png,2024-09-19 15:22:30,71634
2022-AWS-Badge-Light,https://www.mandsconsulting.com/wp-content/uploads/2022-AWS-Badge-Light.png,png,2024-09-19 18:06:46,71641
getty-images-snqclgLZaoU-unsplash,https://www.mandsconsulting.com/wp-content/uploads/getty-images-snqclgLZaoU-unsplash-scaled.jpg,jpg,2024-09-20 11:39:21,71648
getty-images-mqWf-SU3Xr0-unsplash,https://www.mandsconsulting.com/wp-content/uploads/getty-images-mqWf-SU3Xr0-unsplash-e1741199932628.jpg,jpg,2024-09-20 11:39:36,71649
Working on a project together,https://www.mandsconsulting.com/wp-content/uploads/getty-images-jlY4MGjGT68-unsplash-1-scaled.jpg,jpg,2024-09-20 11:39:51,71650
getty-images-5X891zToN1M-unsplash,https://www.mandsconsulting.com/wp-content/uploads/getty-images-5X891zToN1M-unsplash-2-scaled.jpg,jpg,2024-09-20 11:40:07,71651
getty-images-nV1W4dlVcgk-unsplash,https://www.mandsconsulting.com/wp-content/uploads/getty-images-nV1W4dlVcgk-unsplash-scaled.jpg,jpg,2024-09-20 11:40:21,71652
getty-images-xYEWd7I7Lb4-unsplash,https://www.mandsconsulting.com/wp-content/uploads/getty-images-xYEWd7I7Lb4-unsplash.jpg,jpg,2024-09-20 11:40:30,71653
kubra-arslaner-vXnEJyQsPMo-unsplash,https://www.mandsconsulting.com/wp-content/uploads/kubra-arslaner-vXnEJyQsPMo-unsplash.jpg,jpg,2024-09-20 11:41:02,71654
getty-images-7jSTwRoVD2s-unsplash,https://www.mandsconsulting.com/wp-content/uploads/getty-images-7jSTwRoVD2s-unsplash.jpg,jpg,2024-09-20 11:41:15,71655
getty-images-pamzgvziyJE-unsplash,https://www.mandsconsulting.com/wp-content/uploads/getty-images-pamzgvziyJE-unsplash-scaled.jpg,jpg,2024-09-20 11:41:31,71656
getty-images-JBsQw2PwHzM-unsplash,https://www.mandsconsulting.com/wp-content/uploads/getty-images-JBsQw2PwHzM-unsplash-scaled.jpg,jpg,2024-09-20 11:41:49,71658
getty-images-kOwe11dVRC8-unsplash,https://www.mandsconsulting.com/wp-content/uploads/getty-images-kOwe11dVRC8-unsplash-scaled.jpg,jpg,2024-09-20 11:42:07,71659
getty-images-_Sz-80by5SU-unsplash,https://www.mandsconsulting.com/wp-content/uploads/getty-images-_Sz-80by5SU-unsplash-scaled.jpg,jpg,2024-09-20 11:42:25,71660
getty-images-IoG8mpVg8yY-unsplash,https://www.mandsconsulting.com/wp-content/uploads/getty-images-IoG8mpVg8yY-unsplash-scaled.jpg,jpg,2024-09-20 11:42:44,71661
getty-images-Tfv56c1q1MY-unsplash,https://www.mandsconsulting.com/wp-content/uploads/getty-images-Tfv56c1q1MY-unsplash-scaled.jpg,jpg,2024-09-20 11:43:02,71662
getty-images-ijmX8DiNO2I-unsplash,https://www.mandsconsulting.com/wp-content/uploads/getty-images-ijmX8DiNO2I-unsplash-scaled.jpg,jpg,2024-09-20 11:43:17,71663
getty-images-3uvWJUB0B5E-unsplash,https://www.mandsconsulting.com/wp-content/uploads/getty-images-3uvWJUB0B5E-unsplash-scaled.jpg,jpg,2024-09-20 11:43:23,71664
getty-images-p52k2Qs5MQo-unsplash,https://www.mandsconsulting.com/wp-content/uploads/getty-images-p52k2Qs5MQo-unsplash-scaled.jpg,jpg,2024-09-20 11:43:36,71665
nathan-anderson-oPZg6G5PATA-unsplash,https://www.mandsconsulting.com/wp-content/uploads/nathan-anderson-oPZg6G5PATA-unsplash-scaled.jpg,jpg,2024-09-20 11:43:42,71666
alexander-mils-79s2anem7rw-unsplash,https://www.mandsconsulting.com/wp-content/uploads/alexander-mils-79s2anem7rw-unsplash-scaled.jpg,jpg,2024-09-20 11:43:53,71667
planet-volumes--sbSAIZDB5E-unsplash (1),https://www.mandsconsulting.com/wp-content/uploads/planet-volumes-sbSAIZDB5E-unsplash-1-scaled.jpg,jpg,2024-09-20 11:44:06,71668
getty-images-hXfuiidwA18-unsplash,https://www.mandsconsulting.com/wp-content/uploads/getty-images-hXfuiidwA18-unsplash-scaled.jpg,jpg,2024-09-20 11:44:16,71669
getty-images-NSedhkbdB28-unsplash,https://www.mandsconsulting.com/wp-content/uploads/getty-images-NSedhkbdB28-unsplash.jpg,jpg,2024-09-20 11:44:34,71670
ahmed-taY77fwl_9Q-unsplash,https://www.mandsconsulting.com/wp-content/uploads/ahmed-taY77fwl_9Q-unsplash-scaled.jpg,jpg,2024-09-20 11:44:51,71671
getty-images-zyHkUTytZ4Y-unsplash,https://www.mandsconsulting.com/wp-content/uploads/getty-images-zyHkUTytZ4Y-unsplash-scaled.jpg,jpg,2024-09-20 11:45:12,71672
getty-images-sOkZ3oSJ2RE-unsplash,https://www.mandsconsulting.com/wp-content/uploads/getty-images-sOkZ3oSJ2RE-unsplash-scaled.jpg,jpg,2024-09-20 11:45:29,71673
surface-97UNusNniMc-unsplash,https://www.mandsconsulting.com/wp-content/uploads/surface-97UNusNniMc-unsplash-scaled-1.jpg,jpg,2024-09-23 11:29:35,17398
planet-volumes-aAZqXTcMn2A-unsplash,https://www.mandsconsulting.com/wp-content/uploads/planet-volumes-aAZqXTcMn2A-unsplash-scaled.jpg,jpg,2024-09-20 11:45:39,71674
feyza-yildirim-K2u3eaDk4vo-unsplash,https://www.mandsconsulting.com/wp-content/uploads/feyza-yildirim-K2u3eaDk4vo-unsplash-scaled.jpg,jpg,2024-09-20 11:45:50,71675
planet-volumes--sbSAIZDB5E-unsplash,https://www.mandsconsulting.com/wp-content/uploads/planet-volumes-sbSAIZDB5E-unsplash-scaled.jpg,jpg,2024-09-20 11:46:11,71676
ahmed-taY77fwl_9Q-unsplash,https://www.mandsconsulting.com/wp-content/uploads/ahmed-taY77fwl_9Q-unsplash.png,png,2024-09-20 11:52:14,71678
getty-images-_Sz-80by5SU-unsplash,https://www.mandsconsulting.com/wp-content/uploads/getty-images-_Sz-80by5SU-unsplash.png,png,2024-09-20 11:53:21,71679
getty-images-ijmX8DiNO2I-unsplash,https://www.mandsconsulting.com/wp-content/uploads/getty-images-ijmX8DiNO2I-unsplash.png,png,2024-09-20 11:53:56,71680
getty-images-Tfv56c1q1MY-unsplash,https://www.mandsconsulting.com/wp-content/uploads/getty-images-Tfv56c1q1MY-unsplash.png,png,2024-09-20 11:54:38,71681
planet-volumes-aAZqXTcMn2A-unsplash,https://www.mandsconsulting.com/wp-content/uploads/planet-volumes-aAZqXTcMn2A-unsplash.png,png,2024-09-20 11:55:29,71682
alexander-mils-79s2anem7rw-unsplash,https://www.mandsconsulting.com/wp-content/uploads/alexander-mils-79s2anem7rw-unsplash.png,png,2024-09-20 12:02:00,71684
getty-images-hXfuiidwA18-unsplash,https://www.mandsconsulting.com/wp-content/uploads/getty-images-hXfuiidwA18-unsplash.png,png,2024-09-20 12:02:47,71685
yasa-design-studio-Ot2wQ8jF43s-unsplash (1),https://www.mandsconsulting.com/wp-content/uploads/yasa-design-studio-Ot2wQ8jF43s-unsplash-1-scaled.jpg,jpg,2024-09-20 13:05:00,71687
logos-1-tinified,https://www.mandsconsulting.com/wp-content/uploads/logos-1-tinified.png,png,2024-09-26 15:33:02,71703
logos-2-tinified,https://www.mandsconsulting.com/wp-content/uploads/logos-2-tinified.png,png,2024-09-26 15:33:18,71704
logos-3-tinified,https://www.mandsconsulting.com/wp-content/uploads/logos-3-tinified.png,png,2024-09-26 15:33:41,71705
logos-4-tinified,https://www.mandsconsulting.com/wp-content/uploads/logos-4-tinified.png,png,2024-09-26 15:33:53,71706
logos-5-tinified,https://www.mandsconsulting.com/wp-content/uploads/logos-5-tinified.png,png,2024-09-26 15:34:07,71707
logos-6-tinified,https://www.mandsconsulting.com/wp-content/uploads/logos-6-tinified.png,png,2024-09-26 15:34:57,71708
logos-7-tinified,https://www.mandsconsulting.com/wp-content/uploads/logos-7-tinified.png,png,2024-09-26 15:35:27,71709
logos-8-tinified,https://www.mandsconsulting.com/wp-content/uploads/logos-8-tinified.png,png,2024-09-26 15:35:40,71710
M&S_C-Logo-Web-H-1020x150-White,https://www.mandsconsulting.com/wp-content/uploads/MS_C-Logo-Web-H-1020x150-White.png,png,2024-09-26 19:24:17,71722
rowing-team-movement,https://www.mandsconsulting.com/wp-content/uploads/rowing-team-movement.jpg,jpg,2024-09-30 13:30:33,71731
Stump03-white-1080,https://www.mandsconsulting.com/wp-content/uploads/Stump03-white-1080.png,png,2024-09-30 17:02:19,71750
Casey-Zaitz,https://www.mandsconsulting.com/wp-content/uploads/Casey-Zaitz.png,png,2024-10-01 11:32:51,71762
Cody-Childers,https://www.mandsconsulting.com/wp-content/uploads/Cody-Childers.png,png,2024-10-01 11:33:00,71763
Dylan-Ramey,https://www.mandsconsulting.com/wp-content/uploads/Dylan-Ramey.png,png,2024-10-01 11:33:06,71764
Maren-Jensen,https://www.mandsconsulting.com/wp-content/uploads/Maren-Jensen.png,png,2024-10-01 11:33:12,71765
Michelle-Hopkins,https://www.mandsconsulting.com/wp-content/uploads/Michelle-Hopkins.png,png,2024-10-01 11:33:54,71766
AtlassianPartnerLogo,https://www.mandsconsulting.com/wp-content/uploads/AtlassianPartnerLogo.png,png,2024-10-01 14:34:10,71773
AWSPartnerLogo,https://www.mandsconsulting.com/wp-content/uploads/AWSPartnerLogo.png,png,2024-10-01 14:34:11,71774
CarahsoftPartnerLogo,https://www.mandsconsulting.com/wp-content/uploads/CarahsoftPartnerLogo.png,png,2024-10-01 14:34:12,71775
Google CloudPartnerLogo,https://www.mandsconsulting.com/wp-content/uploads/Google-CloudPartnerLogo.png,png,2024-10-01 14:34:13,71776
MicrosoftPartnerLogo,https://www.mandsconsulting.com/wp-content/uploads/MicrosoftPartnerLogo.png,png,2024-10-01 14:34:14,71777
OraclePartnerLogo,https://www.mandsconsulting.com/wp-content/uploads/OraclePartnerLogo.png,png,2024-10-01 14:34:16,71778
SalesforcePartnerLogo,https://www.mandsconsulting.com/wp-content/uploads/SalesforcePartnerLogo.png,png,2024-10-01 14:34:17,71779
SAPPartnerLogo,https://www.mandsconsulting.com/wp-content/uploads/SAPPartnerLogo.png,png,2024-10-01 14:34:18,71780
SnowflakePartnerLogo,https://www.mandsconsulting.com/wp-content/uploads/SnowflakePartnerLogo.png,png,2024-10-01 14:34:20,71781
SusePartnerLogo,https://www.mandsconsulting.com/wp-content/uploads/SusePartnerLogo.png,png,2024-10-01 14:34:21,71782
vmwarePartnerLogo,https://www.mandsconsulting.com/wp-content/uploads/vmwarePartnerLogo.png,png,2024-10-01 14:34:22,71783
static-tinified,https://www.mandsconsulting.com/wp-content/uploads/static-tinified-scaled.jpg,jpg,2024-10-01 15:26:55,71785
red,https://www.mandsconsulting.com/wp-content/uploads/red.png,png,2024-10-03 15:33:56,71800
FeaturedImageCMU,https://www.mandsconsulting.com/wp-content/uploads/FeaturedImageCMU.png,png,2024-10-07 11:58:48,71807
static-hero,https://www.mandsconsulting.com/wp-content/uploads/static-hero.jpg,jpg,2024-10-07 16:25:34,71813
legal-tinified,https://www.mandsconsulting.com/wp-content/uploads/legal-tinified.jpg,jpg,2024-10-07 16:59:44,71816
greenhouse-tinified,https://www.mandsconsulting.com/wp-content/uploads/greenhouse-tinified.jpg,jpg,2024-10-07 17:00:19,71817
plane-tinified,https://www.mandsconsulting.com/wp-content/uploads/plane-tinified.jpg,jpg,2024-10-07 17:00:50,71818
server-tinified,https://www.mandsconsulting.com/wp-content/uploads/server-tinified.jpg,jpg,2024-10-07 17:01:07,71819
logos-9-tinified,https://www.mandsconsulting.com/wp-content/uploads/logos-9-tinified.png,png,2024-10-08 18:09:55,71821
logos-10-tinified,https://www.mandsconsulting.com/wp-content/uploads/logos-10-tinified.png,png,2024-10-08 18:10:09,71822
logos-11-tinified,https://www.mandsconsulting.com/wp-content/uploads/logos-11-tinified.png,png,2024-10-08 18:10:19,71823
footer-designations-1-tinified,https://www.mandsconsulting.com/wp-content/uploads/footer-designations-1-tinified.png,png,2024-10-08 18:37:44,71825
footer-designations-2-tinified,https://www.mandsconsulting.com/wp-content/uploads/footer-designations-2-tinified.png,png,2024-10-08 18:42:43,71826
ShownotesHeader,https://www.mandsconsulting.com/wp-content/uploads/ShownotesHeader-2.jpg,jpg,2024-10-09 12:18:13,71830
getty-images-M5SvcTIgsW8-unsplash,https://www.mandsconsulting.com/wp-content/uploads/getty-images-M5SvcTIgsW8-unsplash-scaled.jpg,jpg,2024-10-14 12:49:37,71847
unleash-1-tinified,https://www.mandsconsulting.com/wp-content/uploads/unleash-1-tinified.jpg,jpg,2024-10-14 17:12:19,71848
dp-demo-icon-02,https://www.mandsconsulting.com/wp-content/uploads/dp-demo-icon-02.svg,svg,2024-10-14 17:24:13,71850
dp-demo-20,https://www.mandsconsulting.com/wp-content/uploads/dp-demo-20.jpg,jpg,2024-10-14 17:24:13,71851
dp-demo-icon-03,https://www.mandsconsulting.com/wp-content/uploads/dp-demo-icon-03.svg,svg,2024-10-14 17:24:14,71852
dp-demo-05,https://www.mandsconsulting.com/wp-content/uploads/dp-demo-05.jpg,jpg,2024-10-14 17:24:14,71853
dp-demo-icon-04,https://www.mandsconsulting.com/wp-content/uploads/dp-demo-icon-04.svg,svg,2024-10-14 17:24:14,71854
dp-demo-18,https://www.mandsconsulting.com/wp-content/uploads/dp-demo-18.jpg,jpg,2024-10-14 17:24:16,71855
hartono-creative-studio-_e15_aS_V3o-unsplash,https://www.mandsconsulting.com/wp-content/uploads/hartono-creative-studio-_e15_aS_V3o-unsplash-scaled.jpg,jpg,2024-10-21 10:25:27,23363945
clouds-tinified,https://www.mandsconsulting.com/wp-content/uploads/clouds-tinified.jpg,jpg,2024-10-22 18:10:45,23363953
ShownotesHeader,https://www.mandsconsulting.com/wp-content/uploads/ShownotesHeader-3.jpg,jpg,2024-10-23 16:16:31,23363957
M&S-AI-Roadmap-2024,https://www.mandsconsulting.com/wp-content/uploads/MS-AI-Roadmap-2024.pdf,pdf,2024-10-29 10:32:35,23363963
alex-shuper-v_0SJ2WJTEA-unsplash,https://www.mandsconsulting.com/wp-content/uploads/alex-shuper-v_0SJ2WJTEA-unsplash-scaled.jpg,jpg,2024-11-04 17:38:37,23363967
ShownotesHeader,https://www.mandsconsulting.com/wp-content/uploads/ShownotesHeader-4.jpg,jpg,2024-11-06 14:56:02,23363969
6617d62b69617a61e4ba1ba2_65fafab60c917d3c1da252ac_salesforce-sertifikasyonu-hazirlamaniza-yardimci-olacak-tuyolar-1-1,https://www.mandsconsulting.com/wp-content/uploads/6617d62b69617a61e4ba1ba2_65fafab60c917d3c1da252ac_salesforce-sertifikasyonu-hazirlamaniza-yardimci-olacak-tuyolar-1-1.webp,webp,2024-11-11 14:05:51,23363971
2497947_PageLayout_111224,https://www.mandsconsulting.com/wp-content/uploads/2497947_PageLayout_111224.png,png,2024-11-13 17:28:12,23363972
2497947_PageLayout_111224-1,https://www.mandsconsulting.com/wp-content/uploads/2497947_PageLayout_111224-1.png,png,2024-11-13 17:29:37,23363973
chart,https://www.mandsconsulting.com/wp-content/uploads/chart.png,png,2024-11-15 16:26:22,23363977
allison-saeng-B7VlWt3pRM0-unsplash,https://www.mandsconsulting.com/wp-content/uploads/allison-saeng-B7VlWt3pRM0-unsplash.jpg,jpg,2024-11-18 13:05:05,23363982
philip-oroni-AMAYQqzQYaI-unsplash,https://www.mandsconsulting.com/wp-content/uploads/philip-oroni-AMAYQqzQYaI-unsplash.jpg,jpg,2024-11-19 17:00:51,23363984
ShownotesHeader,https://www.mandsconsulting.com/wp-content/uploads/ShownotesHeader-5.jpg,jpg,2024-11-20 13:27:10,23363988
history-of-ai-header-pepper-softbank,https://www.mandsconsulting.com/wp-content/uploads/history-of-ai-header-pepper-softbank.webp,webp,2024-11-20 13:27:59,23363989
aakash-dhage-XX6fzkZFokc-unsplash,https://www.mandsconsulting.com/wp-content/uploads/aakash-dhage-XX6fzkZFokc-unsplash.jpg,jpg,2024-11-25 13:31:20,23363996
ShownotesHeader,https://www.mandsconsulting.com/wp-content/uploads/ShownotesHeader-6.jpg,jpg,2024-12-04 17:53:02,23363998
andrej-lisakov-LkcCahR6rG4-unsplash,https://www.mandsconsulting.com/wp-content/uploads/andrej-lisakov-LkcCahR6rG4-unsplash.jpg,jpg,2024-12-09 13:31:39,23364007
PMaaS IMage,https://www.mandsconsulting.com/wp-content/uploads/PMaaS-IMage.png,png,2024-12-17 17:28:10,23364018
ShownotesHeader,https://www.mandsconsulting.com/wp-content/uploads/ShownotesHeader-7.jpg,jpg,2024-12-19 12:38:29,23364025
photo-1495232714953-ef7f41577786,https://www.mandsconsulting.com/wp-content/uploads/photo-1495232714953-ef7f41577786.jpeg,jpeg,2024-12-20 14:58:51,23364026
ahmet-kurt-9uErB_TIdik-unsplash,https://www.mandsconsulting.com/wp-content/uploads/ahmet-kurt-9uErB_TIdik-unsplash.jpg,jpg,2024-12-20 15:09:23,23364029
getty-images-Tfv56c1q1MY-unsplash,https://www.mandsconsulting.com/wp-content/uploads/getty-images-Tfv56c1q1MY-unsplash-1-e1734725219924.jpg,jpg,2024-12-20 16:02:01,23364033
nathan-anderson-yKYk1qeI43Q-unsplash,https://www.mandsconsulting.com/wp-content/uploads/nathan-anderson-yKYk1qeI43Q-unsplash.jpg,jpg,2024-12-20 16:02:13,23364034
getty-images-zwk6ckTZ3pc-unsplash,https://www.mandsconsulting.com/wp-content/uploads/getty-images-zwk6ckTZ3pc-unsplash.jpg,jpg,2024-12-20 16:22:02,23364039
levi-meir-clancy-oj1VC8e5BIA-unsplash,https://www.mandsconsulting.com/wp-content/uploads/levi-meir-clancy-oj1VC8e5BIA-unsplash.jpg,jpg,2024-12-20 16:33:57,23364040
Screenshot-2024-10-23-095248,https://www.mandsconsulting.com/wp-content/uploads/Screenshot-2024-10-23-095248.webp,webp,2024-12-30 16:26:23,23364048
rodion-kutsaiev-4RL3v2WtaG0-unsplash,https://www.mandsconsulting.com/wp-content/uploads/rodion-kutsaiev-4RL3v2WtaG0-unsplash.jpg,jpg,2024-12-31 11:16:08,23364052
philip-oroni-sP9Z0mB-sZo-unsplash,https://www.mandsconsulting.com/wp-content/uploads/philip-oroni-sP9Z0mB-sZo-unsplash.jpg,jpg,2024-12-31 11:39:07,23364055
mariia-shalabaieva-O42Kc4izuQo-unsplash,https://www.mandsconsulting.com/wp-content/uploads/mariia-shalabaieva-O42Kc4izuQo-unsplash.jpg,jpg,2024-12-31 11:39:40,23364056
Logo_-Ping-Identity,https://www.mandsconsulting.com/wp-content/uploads/Logo_-Ping-Identity.png,png,2024-12-31 14:52:53,23364060
Logo_-Ping-Identity,https://www.mandsconsulting.com/wp-content/uploads/Logo_-Ping-Identity-1.png,png,2024-12-31 15:01:59,23364061
853641,https://www.mandsconsulting.com/wp-content/uploads/853641.png,png,2024-12-31 15:02:00,23364062
SAIL_BIG.D-65b4a1d4,https://www.mandsconsulting.com/wp-content/uploads/SAIL_BIG.D-65b4a1d4.png,png,2024-12-31 15:02:02,23364063
oracle-logo,https://www.mandsconsulting.com/wp-content/uploads/62bc7b2a071dec17849af325.png,png,2024-12-31 15:02:04,23364064
splunk-corp-logo-w-rgb,https://www.mandsconsulting.com/wp-content/uploads/splunk-corp-logo-w-rgb.avif,avif,2024-12-31 15:02:06,23364065
MFGP_BIG.D-af1eed58,https://www.mandsconsulting.com/wp-content/uploads/MFGP_BIG.D-af1eed58.png,png,2024-12-31 15:02:07,23364066
Okta_Logo_White_Medium,https://www.mandsconsulting.com/wp-content/uploads/Okta_Logo_White_Medium.png,png,2024-12-31 15:02:09,23364067
microsoft+logo+white,https://www.mandsconsulting.com/wp-content/uploads/microsoftlogowhite.png,png,2024-12-31 15:02:11,23364068
pngimg.com - ibm_PNG19649,https://www.mandsconsulting.com/wp-content/uploads/pngimg.com-ibm_PNG19649.png,png,2024-12-31 15:02:12,23364069
ShownotesHeader,https://www.mandsconsulting.com/wp-content/uploads/ShownotesHeader-8.jpg,jpg,2025-01-02 12:48:07,23364075
vimal-s-CGPz19bMF2Q-unsplash,https://www.mandsconsulting.com/wp-content/uploads/vimal-s-CGPz19bMF2Q-unsplash.jpg,jpg,2025-01-03 13:00:57,23364080
planet-volumes-qCodK5vqaNs-unsplash,https://www.mandsconsulting.com/wp-content/uploads/planet-volumes-qCodK5vqaNs-unsplash.jpg,jpg,2025-01-03 13:06:58,23364081
unnamed,https://www.mandsconsulting.com/wp-content/uploads/unnamed-1.png,png,2025-01-03 16:29:08,23364087
daidre_fanis_headshot_orange right,https://www.mandsconsulting.com/wp-content/uploads/daidre_fanis_headshot_orange-right.png,png,2025-01-06 18:36:41,23364091
getty-images-MUVwfvQDG9E-unsplash,https://www.mandsconsulting.com/wp-content/uploads/getty-images-MUVwfvQDG9E-unsplash.jpg,jpg,2025-01-07 15:15:28,23364093
unnamed,https://www.mandsconsulting.com/wp-content/uploads/unnamed.jpg,jpg,2025-01-07 16:09:50,23364094
ShownotesHeader,https://www.mandsconsulting.com/wp-content/uploads/ShownotesHeader-9.jpg,jpg,2025-01-07 16:36:43,23364096
M&S_Consulting-AI_Roadmap-2025,https://www.mandsconsulting.com/wp-content/uploads/MS_Consulting-AI_Roadmap-2025.pdf,pdf,2025-01-09 18:06:59,23364098
AI-Roadmap-2025-Tablet,https://www.mandsconsulting.com/wp-content/uploads/AI-Roadmap-2025-Tablet.png,png,2025-01-09 18:43:41,23364100
Brasil-Geometric-Texture-Collages-4,https://www.mandsconsulting.com/wp-content/uploads/Brasil-Geometric-Texture-Collages-4.png,png,2025-01-15 16:28:37,23364115
Brazil-Geometric-Texture-white-,https://www.mandsconsulting.com/wp-content/uploads/Brazil-Geometric-Texture-white-.png,png,2025-01-15 16:28:38,23364116
Brazil-Geometric-Texture-white-2,https://www.mandsconsulting.com/wp-content/uploads/Brazil-Geometric-Texture-white-2.png,png,2025-01-15 16:28:39,23364117
Brasil-Geometric-Texture-Collages-,https://www.mandsconsulting.com/wp-content/uploads/Brasil-Geometric-Texture-Collages-.png,png,2025-01-15 16:34:19,23364118
Brasil-Geometric-Texture-Collages-2,https://www.mandsconsulting.com/wp-content/uploads/Brasil-Geometric-Texture-Collages-2.png,png,2025-01-15 16:34:22,23364119
Brasil-Geometric-Texture-Collages-3,https://www.mandsconsulting.com/wp-content/uploads/Brasil-Geometric-Texture-Collages-3.png,png,2025-01-15 16:34:25,23364120
Untitled-design-7-2,https://www.mandsconsulting.com/wp-content/uploads/Untitled-design-7-2-e1737487522597.png,png,2025-01-21 15:25:02,23364128
AI-Roadmap-2025-Tablet,https://www.mandsconsulting.com/wp-content/uploads/AI-Roadmap-2025-Tablet-1.png,png,2025-01-21 15:37:15,23364129
Screenshot 2025-01-21 at 1.37.56 PM,https://www.mandsconsulting.com/wp-content/uploads/Screenshot-2025-01-21-at-1.37.56 PM.png,png,2025-01-21 15:38:06,23364130
chris-grafton-mRxHNzxeYt8-unsplash,https://www.mandsconsulting.com/wp-content/uploads/chris-grafton-mRxHNzxeYt8-unsplash.jpg,jpg,2025-01-24 16:26:32,23364138
dc-metro-station-scaled,https://www.mandsconsulting.com/wp-content/uploads/dc-metro-station-scaled-1.webp,webp,2025-01-24 16:28:35,23364139
levi-meir-clancy-RW0gatuQYKg-unsplash,https://www.mandsconsulting.com/wp-content/uploads/levi-meir-clancy-RW0gatuQYKg-unsplash.jpg,jpg,2025-01-24 16:32:38,23364140
michael-afonso-BQgAYwERXhs-unsplash,https://www.mandsconsulting.com/wp-content/uploads/michael-afonso-BQgAYwERXhs-unsplash.jpg,jpg,2025-01-24 16:32:50,23364141
pramod-tiwari-8ypfM5dJnow-unsplash,https://www.mandsconsulting.com/wp-content/uploads/pramod-tiwari-8ypfM5dJnow-unsplash.jpg,jpg,2025-01-24 16:33:02,23364142
conner-baker-IuYLwmZv18A-unsplash,https://www.mandsconsulting.com/wp-content/uploads/conner-baker-IuYLwmZv18A-unsplash.jpg,jpg,2025-01-24 16:33:19,23364143
logo,https://www.mandsconsulting.com/wp-content/uploads/logo.png,png,2025-01-24 16:34:19,23364144
getty-images-S-AJ0v051Iw-unsplash,https://www.mandsconsulting.com/wp-content/uploads/getty-images-S-AJ0v051Iw-unsplash.jpg,jpg,2025-01-24 16:45:38,23364146
chance-anderson-if2coegqwZU-unsplash,https://www.mandsconsulting.com/wp-content/uploads/chance-anderson-if2coegqwZU-unsplash.jpg,jpg,2025-01-24 16:45:45,23364147
levi-meir-clancy-VX1qnjEc9fw-unsplash,https://www.mandsconsulting.com/wp-content/uploads/levi-meir-clancy-VX1qnjEc9fw-unsplash.jpg,jpg,2025-01-24 16:45:54,23364148
M&S-PublicSector-OnePage-Slick-2024,https://www.mandsconsulting.com/wp-content/uploads/MS-PublicSector-OnePage-Slick-2024.pdf,pdf,2025-01-24 16:52:04,23364149
M&S-OTaaS - Process Impact Blueprinting -072024,https://www.mandsconsulting.com/wp-content/uploads/MS-OTaaS-Process-Impact-Blueprinting-072024.pdf,pdf,2025-01-24 16:52:07,23364150
M&S-Oracle-OnePage-Slick-2024,https://www.mandsconsulting.com/wp-content/uploads/MS-Oracle-OnePage-Slick-2024.pdf,pdf,2025-01-24 16:52:09,23364151
M&S-Microsoft-OnePage-Slick-05242024,https://www.mandsconsulting.com/wp-content/uploads/MS-Microsoft-OnePage-Slick-05242024.pdf,pdf,2025-01-24 16:52:15,23364152
M&S-Salesforce-OnePage-Slick-2024,https://www.mandsconsulting.com/wp-content/uploads/MS-Salesforce-OnePage-Slick-2024.pdf,pdf,2025-01-24 16:52:18,23364153
M&S-AI-OnePage-Slick-2024,https://www.mandsconsulting.com/wp-content/uploads/MS-AI-OnePage-Slick-2024.pdf,pdf,2025-01-24 16:52:20,23364154
M&S-SAP-OnePage-Slick-2024,https://www.mandsconsulting.com/wp-content/uploads/MS-SAP-OnePage-Slick-2024.pdf,pdf,2025-01-24 16:52:22,23364155
M&S-Telecom-OnePage-Slick-2024,https://www.mandsconsulting.com/wp-content/uploads/MS-Telecom-OnePage-Slick-2024.pdf,pdf,2025-01-24 16:52:24,23364156
M&S-GeneralOverview-OnePage-Slick-2024,https://www.mandsconsulting.com/wp-content/uploads/MS-GeneralOverview-OnePage-Slick-2024.pdf,pdf,2025-01-24 16:52:26,23364157
M&S-CloudInfraServices-HalfPage-Slick-2024,https://www.mandsconsulting.com/wp-content/uploads/MS-CloudInfraServices-HalfPage-Slick-2024.pdf,pdf,2025-01-24 16:52:29,23364158
M&S-PublicSector-HalfPage-Slick-2024,https://www.mandsconsulting.com/wp-content/uploads/MS-PublicSector-HalfPage-Slick-2024.pdf,pdf,2025-01-24 16:52:31,23364159
salesforce-sertifikasyonu-hazirlamaniza-yardimci-olacak-tuyolar-1-1,https://www.mandsconsulting.com/wp-content/uploads/salesforce-sertifikasyonu-hazirlamaniza-yardimci-olacak-tuyolar-1-1.jpg,jpg,2025-01-27 12:55:50,23364163
KrzT5MkZ7pQERcvimKN9ve-1200-80,https://www.mandsconsulting.com/wp-content/uploads/KrzT5MkZ7pQERcvimKN9ve-1200-80.png,png,2025-01-27 12:56:10,23364164
allison-saeng-GFr_vEH0ht8-unsplash,https://www.mandsconsulting.com/wp-content/uploads/allison-saeng-GFr_vEH0ht8-unsplash-e1737997321670.jpg,jpg,2025-01-27 12:59:15,23364165
1668115407374,https://www.mandsconsulting.com/wp-content/uploads/1668115407374.jpeg,jpeg,2025-01-27 14:11:11,23364171
Website_Header_30,https://www.mandsconsulting.com/wp-content/uploads/Website_Header_30.webm,webm,2025-01-28 15:56:05,23364174
man-woman-laptop-office,https://www.mandsconsulting.com/wp-content/uploads/man-woman-laptop-office.jpg,jpg,2025-01-30 13:35:38,23364177
redhead-woman-glasswhiteboard,https://www.mandsconsulting.com/wp-content/uploads/redhead-woman-glasswhiteboard.jpg,jpg,2025-01-30 14:18:40,23364181
Harvard_Business_Review_logo_2024,https://www.mandsconsulting.com/wp-content/uploads/Harvard_Business_Review_logo_2024.png,png,2025-01-30 15:48:20,23364185
cloud-servers,https://www.mandsconsulting.com/wp-content/uploads/cloud-servers.png,png,2025-01-31 16:27:52,23364195
cloud-experts,https://www.mandsconsulting.com/wp-content/uploads/cloud-experts.png,png,2025-01-31 16:36:31,23364196
multi-cloud-solutions,https://www.mandsconsulting.com/wp-content/uploads/multi-cloud-solutions.jpg,jpg,2025-01-31 16:41:28,23364197
cloud-engineer,https://www.mandsconsulting.com/wp-content/uploads/cloud-engineer.png,png,2025-01-31 17:04:36,23364198
Cloud-Technologies-vmware-2,https://www.mandsconsulting.com/wp-content/uploads/Cloud-Technologies-vmware-2.png,png,2025-01-31 19:30:04,23364209
ai-consulting-services-tinified,https://www.mandsconsulting.com/wp-content/uploads/ai-consulting-services-tinified.jpg,jpg,2025-01-31 20:35:12,23364217
ai-background-tinified,https://www.mandsconsulting.com/wp-content/uploads/ai-background-tinified.jpg,jpg,2025-01-31 20:38:43,23364219
dp-demo-40,https://www.mandsconsulting.com/wp-content/uploads/dp-demo-40.png,png,2025-02-11 13:32:24,23364232
dp-demo-44,https://www.mandsconsulting.com/wp-content/uploads/dp-demo-44.jpg,jpg,2025-02-11 13:32:25,23364233
dp-demo-41,https://www.mandsconsulting.com/wp-content/uploads/dp-demo-41.jpg,jpg,2025-02-11 13:32:25,23364234
dp-demo-42,https://www.mandsconsulting.com/wp-content/uploads/dp-demo-42.jpg,jpg,2025-02-11 13:32:25,23364235
dp-demo-43,https://www.mandsconsulting.com/wp-content/uploads/dp-demo-43.jpg,jpg,2025-02-11 13:32:25,23364236
greenhouse-tinified,https://www.mandsconsulting.com/wp-content/uploads/greenhouse-tinified-1.jpg,jpg,2025-02-12 14:59:35,23364243
M&S-Geometric-Texture-Collages-OutlineLtBlue--,https://www.mandsconsulting.com/wp-content/uploads/MS-Geometric-Texture-Collages-OutlineLtBlue-.png,png,2025-02-13 15:13:56,23364249
toa-heftiba-DmQXibovB3k-unsplash,https://www.mandsconsulting.com/wp-content/uploads/toa-heftiba-DmQXibovB3k-unsplash-e1739893258593.jpg,jpg,2025-02-18 11:39:42,23364279
671a17c41958546edfcdf9ac_20241024T0940-4e70248b-a316-443f-914c-f8e25f76a7ec,https://www.mandsconsulting.com/wp-content/uploads/671a17c41958546edfcdf9ac_20241024T0940-4e70248b-a316-443f-914c-f8e25f76a7ec.webp,webp,2025-02-18 11:59:33,23364285
getty-images-ONQeqIIF4nY-unsplash,https://www.mandsconsulting.com/wp-content/uploads/getty-images-ONQeqIIF4nY-unsplash.jpg,jpg,2025-02-18 12:13:52,23364289
AWS-2,https://www.mandsconsulting.com/wp-content/uploads/AWS-2.png,png,2025-02-18 12:27:52,23364291
Well-Architected Partner Program.d40dbc3dd2afd473cb8b7ee1e3e482546ba5384d,https://www.mandsconsulting.com/wp-content/uploads/Well-Architected-Partner-Program.d40dbc3dd2afd473cb8b7ee1e3e482546ba5384d-e1739896667330.png,png,2025-02-18 12:36:35,23364292
wellarchited,https://www.mandsconsulting.com/wp-content/uploads/wellarchited.png,png,2025-02-18 13:34:35,23364296
partnertier,https://www.mandsconsulting.com/wp-content/uploads/partnertier.png,png,2025-02-18 13:34:36,23364297
education,https://www.mandsconsulting.com/wp-content/uploads/education.png,png,2025-02-18 13:34:36,23364298
public,https://www.mandsconsulting.com/wp-content/uploads/public.png,png,2025-02-18 13:34:37,23364299
getty-images-BN1CiGhmq-4-unsplash,https://www.mandsconsulting.com/wp-content/uploads/getty-images-BN1CiGhmq-4-unsplash.jpg,jpg,2025-02-18 13:38:51,23364301
getty-images-Ru_dl0NCDl0-unsplash,https://www.mandsconsulting.com/wp-content/uploads/getty-images-Ru_dl0NCDl0-unsplash.jpg,jpg,2025-02-18 13:41:29,23364302
1366_2000,https://www.mandsconsulting.com/wp-content/uploads/1366_2000.jpg,jpg,2025-02-18 14:12:58,23364304
Oracle_1280x720,https://www.mandsconsulting.com/wp-content/uploads/Oracle_1280x720.webp,webp,2025-02-18 16:47:03,23364309
Print,https://www.mandsconsulting.com/wp-content/uploads/Oracle_Logo.jpg,jpg,2025-02-18 16:47:23,23364310
652442-0-81067200-1738832727-shutterstock_editorial_2110981163,https://www.mandsconsulting.com/wp-content/uploads/652442-0-81067200-1738832727-shutterstock_editorial_2110981163-e1740079891851.webp,webp,2025-02-20 15:31:04,23364319
getty-images-_LIZ36OHGKk-unsplash,https://www.mandsconsulting.com/wp-content/uploads/getty-images-_LIZ36OHGKk-unsplash.jpg,jpg,2025-02-20 15:32:51,23364322
salesforce_hero,https://www.mandsconsulting.com/wp-content/uploads/salesforce_hero.jpg,jpg,2025-02-21 13:00:57,23364324
allison-saeng-ISNKH9MFNdM-unsplash,https://www.mandsconsulting.com/wp-content/uploads/allison-saeng-ISNKH9MFNdM-unsplash.jpg,jpg,2025-02-21 13:05:28,23364326
62bc7b2a071dec17849af325,https://www.mandsconsulting.com/wp-content/uploads/62bc7b2a071dec17849af325-1.png,png,2025-02-21 16:54:07,23364330
SAP-Logo-History-1,https://www.mandsconsulting.com/wp-content/uploads/SAP-Logo-History-1.png,png,2025-02-21 16:54:20,23364331
snowflake_logo_1200x900-1200x0-c-default,https://www.mandsconsulting.com/wp-content/uploads/snowflake_logo_1200x900-1200x0-c-default.webp,webp,2025-02-21 17:19:13,23364335
Commonwealth of Massachusetts (Presentation),https://www.mandsconsulting.com/wp-content/uploads/Commonwealth-of-Massachusetts-Presentation.png,png,2025-02-24 11:58:00,23364339
kier-in-sight-archives-0fL5XCrt_nU-unsplash,https://www.mandsconsulting.com/wp-content/uploads/kier-in-sight-archives-0fL5XCrt_nU-unsplash.jpg,jpg,2025-03-04 11:57:03,23364344
flying-in-new-zealand,https://www.mandsconsulting.com/wp-content/uploads/flying-in-new-zealand.jpg,jpg,2025-03-05 12:53:16,23364345
leandra-rieger-W8gR9XOxa5I-unsplash,https://www.mandsconsulting.com/wp-content/uploads/leandra-rieger-W8gR9XOxa5I-unsplash.jpg,jpg,2025-03-05 12:56:26,23364346
alexander-mils-n817ADQNtU0-unsplash,https://www.mandsconsulting.com/wp-content/uploads/alexander-mils-n817ADQNtU0-unsplash.jpg,jpg,2025-03-05 12:56:37,23364347
giulia-squillace-_G7FW24mzb0-unsplash,https://www.mandsconsulting.com/wp-content/uploads/giulia-squillace-_G7FW24mzb0-unsplash.jpg,jpg,2025-03-05 12:56:45,23364348
getty-images-j3-TYYPrVxY-unsplash,https://www.mandsconsulting.com/wp-content/uploads/getty-images-j3-TYYPrVxY-unsplash.jpg,jpg,2025-03-05 12:56:53,23364349
afwt-dc-cms-banner-2400x1440-1,https://www.mandsconsulting.com/wp-content/uploads/afwt-dc-cms-banner-2400x1440-1.jpg,jpg,2025-03-05 13:12:58,23364351
planet-volumes-92k84OkjQrw-unsplash,https://www.mandsconsulting.com/wp-content/uploads/planet-volumes-92k84OkjQrw-unsplash-e1741362141726.jpg,jpg,2025-03-05 13:14:54,23364352
getty-images-uXMvSOZcYMw-unsplash,https://www.mandsconsulting.com/wp-content/uploads/getty-images-uXMvSOZcYMw-unsplash.jpg,jpg,2025-03-05 13:14:59,23364353
allison-saeng-GFr_vEH0ht8-unsplash,https://www.mandsconsulting.com/wp-content/uploads/allison-saeng-GFr_vEH0ht8-unsplash-1.jpg,jpg,2025-03-05 13:15:11,23364354
getty-images-82_FMh5PHfA-unsplash,https://www.mandsconsulting.com/wp-content/uploads/getty-images-82_FMh5PHfA-unsplash.jpg,jpg,2025-03-05 13:58:13,23364356
M&S-PublicSector-OnePage-Slick,https://www.mandsconsulting.com/wp-content/uploads/MS-PublicSector-OnePage-Slick.pdf,pdf,2025-03-05 14:11:18,23364358
M&S-Salesforce-OnePage-Slick,https://www.mandsconsulting.com/wp-content/uploads/MS-Salesforce-OnePage-Slick.pdf,pdf,2025-03-05 14:11:20,23364359
Mstudios-29,https://www.mandsconsulting.com/wp-content/uploads/Mstudios-29-e1741199264576.jpg,jpg,2025-03-05 14:26:13,23364360
CoverArt,https://www.mandsconsulting.com/wp-content/uploads/CoverArt.png,png,2025-03-05 14:36:28,23364366
Screenshot 2025-03-05 at 1.00.47 PM,https://www.mandsconsulting.com/wp-content/uploads/Screenshot-2025-03-05-at-1.00.47 PM.png,png,2025-03-05 15:00:51,23364369
Screenshot 2025-03-06 at 10.37.55 AM,https://www.mandsconsulting.com/wp-content/uploads/Screenshot-2025-03-06-at-10.37.55 AM.png,png,2025-03-06 12:39:44,23364380
AgentForce,https://www.mandsconsulting.com/wp-content/uploads/AgentForce.webp,webp,2025-03-13 16:10:19,23364392
planet-volumes-X1IMh0CDi9M-unsplash,https://www.mandsconsulting.com/wp-content/uploads/planet-volumes-X1IMh0CDi9M-unsplash.jpg,jpg,2025-03-13 16:14:10,23364394
planet-volumes-n90vqb47E7M-unsplash,https://www.mandsconsulting.com/wp-content/uploads/planet-volumes-n90vqb47E7M-unsplash.jpg,jpg,2025-03-13 16:33:54,23364396
donebettertogether-tinified,https://www.mandsconsulting.com/wp-content/uploads/donebettertogether-tinified.png,png,2025-03-14 17:20:07,23364402
philip-oroni-OdFtpBn0sPM-unsplash,https://www.mandsconsulting.com/wp-content/uploads/philip-oroni-OdFtpBn0sPM-unsplash.jpg,jpg,2025-03-20 15:24:32,23364412
donebettertogether-tinified-2,https://www.mandsconsulting.com/wp-content/uploads/donebettertogether-tinified-2.png,png,2025-03-21 18:32:08,23364423
getty-images-UO6M1YTM-BA-unsplash,https://www.mandsconsulting.com/wp-content/uploads/getty-images-UO6M1YTM-BA-unsplash.jpg,jpg,2025-04-01 16:02:31,23364431
getty-images-2gztJrybPRU-unsplash,https://www.mandsconsulting.com/wp-content/uploads/getty-images-2gztJrybPRU-unsplash.jpg,jpg,2025-04-01 16:13:49,23364432
wes-lewis-zt6OxRORM2g-unsplash,https://www.mandsconsulting.com/wp-content/uploads/wes-lewis-zt6OxRORM2g-unsplash.jpg,jpg,2025-04-01 16:19:45,23364434
product-school-5H0p6JPUHbI-unsplash,https://www.mandsconsulting.com/wp-content/uploads/product-school-5H0p6JPUHbI-unsplash.jpg,jpg,2025-04-01 16:20:11,23364435
andrej-lisakov-OqSV8JWhm3c-unsplash,https://www.mandsconsulting.com/wp-content/uploads/andrej-lisakov-OqSV8JWhm3c-unsplash.jpg,jpg,2025-04-01 16:45:07,23364436
curated-lifestyle-yJAa_Q9MqPE-unsplash,https://www.mandsconsulting.com/wp-content/uploads/curated-lifestyle-yJAa_Q9MqPE-unsplash.jpg,jpg,2025-04-02 15:50:46,23364438
jsb-co-tEW5JNQTVPQ-unsplash,https://www.mandsconsulting.com/wp-content/uploads/jsb-co-tEW5JNQTVPQ-unsplash.jpg,jpg,2025-04-16 14:38:41,23364451
ss,https://www.mandsconsulting.com/wp-content/uploads/ss.png,png,2025-05-05 15:08:43,23364457
images,https://www.mandsconsulting.com/wp-content/uploads/images.jpeg,jpeg,2025-05-12 12:43:34,23364459
2024-11-03-agentforce,https://www.mandsconsulting.com/wp-content/uploads/2024-11-03-agentforce.png,png,2025-05-12 12:53:17,23364460
getty-images-S5YM56q9dk0-unsplash,https://www.mandsconsulting.com/wp-content/uploads/getty-images-S5YM56q9dk0-unsplash.jpg,jpg,2025-05-16 11:12:48,23364464
adriandra-karuniawan-9DZogiirSMQ-unsplash,https://www.mandsconsulting.com/wp-content/uploads/adriandra-karuniawan-9DZogiirSMQ-unsplash.jpg,jpg,2025-05-29 11:48:35,23364469
ahmet-kurt-s-dAj5RWhBE-unsplash,https://www.mandsconsulting.com/wp-content/uploads/ahmet-kurt-s-dAj5RWhBE-unsplash.jpg,jpg,2025-05-30 18:08:28,23364472
oracle-netsuite,https://www.mandsconsulting.com/wp-content/uploads/oracle-netsuite.webp,webp,2025-06-03 16:30:03,23364484
SAP-Emblem,https://www.mandsconsulting.com/wp-content/uploads/SAP-Emblem.webp,webp,2025-06-03 16:33:00,23364485
sap-logo,https://www.mandsconsulting.com/wp-content/uploads/sap-logo.webp,webp,2025-06-03 16:34:31,23364487
microsoft-dynamics-365,https://www.mandsconsulting.com/wp-content/uploads/microsoft-dynamics-365.png,png,2025-06-03 16:43:36,23364489
workday-logo,https://www.mandsconsulting.com/wp-content/uploads/workday-logo.png,png,2025-06-03 16:47:37,23364490
integration-platforms,https://www.mandsconsulting.com/wp-content/uploads/integration-platforms.png,png,2025-06-03 16:52:20,23364491
netsuite-oracle-sap,https://www.mandsconsulting.com/wp-content/uploads/netsuite-oracle-sap.webp,webp,2025-06-03 16:58:45,23364492
erp-services,https://www.mandsconsulting.com/wp-content/uploads/erp-services.webp,webp,2025-06-03 19:02:08,23364493
wesley-tingey-diZeo4uzp0o-unsplash,https://www.mandsconsulting.com/wp-content/uploads/wesley-tingey-diZeo4uzp0o-unsplash.jpg,jpg,2025-06-06 14:48:05,23364497
salesforce-logo-banner-300x211.png,https://www.mandsconsulting.com/wp-content/uploads/salesforce-logo-banner-300x211.png.webp,webp,2025-06-17 15:51:27,23364518
asf-logo,https://www.mandsconsulting.com/wp-content/uploads/asf-logo.png,png,2025-06-17 15:52:41,23364519
human-coded-cover,https://www.mandsconsulting.com/wp-content/uploads/human-coded-cover.webp,webp,2025-06-20 18:57:48,23364526
mands-public-sector,https://www.mandsconsulting.com/wp-content/uploads/mands-public-sector.webp,webp,2025-07-07 17:27:18,23364529
appalachia,https://www.mandsconsulting.com/wp-content/uploads/appalachia.webp,webp,2025-07-17 16:29:03,23364543
software-development,https://www.mandsconsulting.com/wp-content/uploads/software-development.webp,webp,2025-07-17 16:39:25,23364544
why-it-matters,https://www.mandsconsulting.com/wp-content/uploads/why-it-matters.webp,webp,2025-07-17 16:52:57,23364546
why-it-matters,https://www.mandsconsulting.com/wp-content/uploads/why-it-matters-1.webp,webp,2025-07-17 16:53:54,23364547
asf-logo,https://www.mandsconsulting.com/wp-content/uploads/asf-logo.webp,webp,2025-07-17 18:18:57,23364548
carnegie-case-study,https://www.mandsconsulting.com/wp-content/uploads/carnegie-case-study.png,png,2025-07-24 16:19:29,23364556
carnegie-case-study-2,https://www.mandsconsulting.com/wp-content/uploads/carnegie-case-study-2.png,png,2025-07-24 16:26:01,23364557
carnegie-mellon-university,https://www.mandsconsulting.com/wp-content/uploads/carnegie-mellon-university.webp,webp,2025-07-24 17:15:46,23364558
IMG_7807,https://www.mandsconsulting.com/wp-content/uploads/IMG_7807.jpg,jpg,2025-07-25 14:18:17,23364562
Cloud,https://www.mandsconsulting.com/wp-content/uploads/Cloud.jpg,jpg,2025-07-25 15:15:48,23364568
empty office,https://www.mandsconsulting.com/wp-content/uploads/empty-office.jpg,jpg,2025-07-28 10:31:04,23364574
Salesforce Confusiont,https://www.mandsconsulting.com/wp-content/uploads/Salesforce-Confusiont.png,png,2025-07-28 14:59:35,23364576
Salesforce Confusiont Small,https://www.mandsconsulting.com/wp-content/uploads/Salesforce-Confusiont-Small.jpeg,jpeg,2025-07-28 15:02:57,23364577
Salesforce Confusiont Large,https://www.mandsconsulting.com/wp-content/uploads/Salesforce-Confusiont-Large.jpeg,jpeg,2025-07-28 15:03:47,23364578
monarch-learning-labs,https://www.mandsconsulting.com/wp-content/uploads/monarch-learning-labs.png,png,2025-07-28 18:25:29,23364579
get2there,https://www.mandsconsulting.com/wp-content/uploads/get2there.png,png,2025-07-28 18:25:39,23364580
braided,https://www.mandsconsulting.com/wp-content/uploads/braided.png,png,2025-07-28 18:25:48,23364581
gtd-speech,https://www.mandsconsulting.com/wp-content/uploads/gtd-speech.png,png,2025-07-28 18:25:56,23364582
growmentum,https://www.mandsconsulting.com/wp-content/uploads/growmentum.png,png,2025-07-28 18:26:17,23364583
mstudios,https://www.mandsconsulting.com/wp-content/uploads/mstudios.png,png,2025-07-28 18:26:42,23364584
mtn-craft,https://www.mandsconsulting.com/wp-content/uploads/mtn-craft.png,png,2025-07-28 18:26:53,23364585
moodr,https://www.mandsconsulting.com/wp-content/uploads/moodr.png,png,2025-07-28 18:27:02,23364586
Blue leadership boat,https://www.mandsconsulting.com/wp-content/uploads/Blue-leadership-boat.jpg,jpg,2025-07-29 10:56:24,23364591
Blue leadership boat,https://www.mandsconsulting.com/wp-content/uploads/Blue-leadership-boat-rotated.jpeg,jpeg,2025-07-29 11:02:11,23364592
Asset 3,https://www.mandsconsulting.com/wp-content/uploads/Asset-3.png,png,2025-07-29 11:13:26,23364594
network globe,https://www.mandsconsulting.com/wp-content/uploads/network-globe.jpg,jpg,2025-07-29 11:47:17,23364596
Sharepoint Frustration Large,https://www.mandsconsulting.com/wp-content/uploads/Sharepoint-Frustration-Large.jpeg,jpeg,2025-07-29 12:43:00,23364600
Single cloud,https://www.mandsconsulting.com/wp-content/uploads/Single-cloud.jpg,jpg,2025-07-29 12:57:59,23364602
Salesforce sky,https://www.mandsconsulting.com/wp-content/uploads/Salesforce-sky.jpg,jpg,2025-07-29 13:33:42,23364604
assets_task_01k1c4y9y9ek0t6q545x0he48s_1753828358_img_1,https://www.mandsconsulting.com/wp-content/uploads/assets_task_01k1c4y9y9ek0t6q545x0he48s_1753828358_img_1.webp,webp,2025-07-29 18:38:20,23364606
optometrist,https://www.mandsconsulting.com/wp-content/uploads/optometrist.jpg,jpg,2025-07-30 11:35:09,23364612
Vision case study graphic Large,https://www.mandsconsulting.com/wp-content/uploads/Vision-case-study-graphic-Large.jpeg,jpeg,2025-07-30 12:09:57,23364614
Clouds migrating,https://www.mandsconsulting.com/wp-content/uploads/Clouds-migrating.jpg,jpg,2025-07-30 12:17:12,23364616
massachusetts lit up,https://www.mandsconsulting.com/wp-content/uploads/massachusetts-lit-up.jpg,jpg,2025-07-30 12:50:52,23364618
Big billboard,https://www.mandsconsulting.com/wp-content/uploads/Big-billboard.jpg,jpg,2025-07-30 13:01:58,23364620
media giant page graphic,https://www.mandsconsulting.com/wp-content/uploads/media-giant-page-graphic.jpeg,jpeg,2025-07-30 13:31:26,23364623
talll buildings,https://www.mandsconsulting.com/wp-content/uploads/talll-buildings.jpg,jpg,2025-07-30 15:09:09,23364632
no stacking systems graphic Large,https://www.mandsconsulting.com/wp-content/uploads/no-stacking-systems-graphic-Large.jpeg,jpeg,2025-07-30 15:32:18,23364634
integration web,https://www.mandsconsulting.com/wp-content/uploads/integration-web.jpg,jpg,2025-07-30 15:43:30,23364636
conny-schneider-pREq0ns_p_E-unsplash,https://www.mandsconsulting.com/wp-content/uploads/conny-schneider-pREq0ns_p_E-unsplash.jpg,jpg,2025-07-30 16:37:48,23364638
salesforce-silos,https://www.mandsconsulting.com/wp-content/uploads/salesforce-silos.webp,webp,2025-07-30 17:37:09,23364639
unfurled plant,https://www.mandsconsulting.com/wp-content/uploads/unfurled-plant.jpg,jpg,2025-07-31 11:22:29,23364644
teamwork rowing,https://www.mandsconsulting.com/wp-content/uploads/teamwork-rowing.jpg,jpg,2025-07-31 11:44:48,23364646
plane flying in desert,https://www.mandsconsulting.com/wp-content/uploads/plane-flying-in-desert.jpg,jpg,2025-07-31 12:00:28,23364648
erp air force graphic,https://www.mandsconsulting.com/wp-content/uploads/erp-air-force-graphic.png,png,2025-07-31 12:16:21,23364650
accelerate,https://www.mandsconsulting.com/wp-content/uploads/accelerate.jpg,jpg,2025-07-31 12:28:11,23364652
crm to salesforce graphic,https://www.mandsconsulting.com/wp-content/uploads/crm-to-salesforce-graphic.png,png,2025-07-31 12:46:56,23364654
crm to salesforce graphic Large,https://www.mandsconsulting.com/wp-content/uploads/crm-to-salesforce-graphic-Large.jpeg,jpeg,2025-07-31 12:53:03,23364655
mandsventures,https://www.mandsconsulting.com/wp-content/uploads/mandsventures.webp,webp,2025-08-01 19:10:22,23364664
ventures-team,https://www.mandsconsulting.com/wp-content/uploads/ventures-team.webp,webp,2025-08-01 19:18:04,23364665
Connected,https://www.mandsconsulting.com/wp-content/uploads/Connected.jpg,jpg,2025-08-05 15:47:44,23364674
Broadband Initiative Large,https://www.mandsconsulting.com/wp-content/uploads/Broadband-Initiative-Large.jpeg,jpeg,2025-08-05 16:09:20,23364676
black blue night building,https://www.mandsconsulting.com/wp-content/uploads/black-blue-night-building.jpg,jpg,2025-08-06 09:42:24,23364678
public sector squad around comp Large,https://www.mandsconsulting.com/wp-content/uploads/public-sector-squad-around-comp-Large.jpeg,jpeg,2025-08-06 10:10:45,23364680
imagine-buddy-vsLbaIdhwaU-unsplash,https://www.mandsconsulting.com/wp-content/uploads/imagine-buddy-vsLbaIdhwaU-unsplash.jpg,jpg,2025-08-06 10:27:25,23364683
20250806_1021_Guidance for Transformation_simple_compose_01k1zze89qf739h4ehqt7kwdnx Large,https://www.mandsconsulting.com/wp-content/uploads/20250806_1021_Guidance-for-Transformation_simple_compose_01k1zze89qf739h4ehqt7kwdnx-Large.jpeg,jpeg,2025-08-06 11:24:36,23364685
sebastian-pichler-bAQH53VquTc-unsplash,https://www.mandsconsulting.com/wp-content/uploads/sebastian-pichler-bAQH53VquTc-unsplash.jpg,jpg,2025-08-06 13:38:32,23364689
assets_task_01k235fp7sf84sfghnz8aey4rv_1754600682_img_0,https://www.mandsconsulting.com/wp-content/uploads/assets_task_01k235fp7sf84sfghnz8aey4rv_1754600682_img_0.webp,webp,2025-08-07 17:07:07,23364696
ellucian,https://www.mandsconsulting.com/wp-content/uploads/ellucian.png,png,2025-08-20 20:02:44,23364700
certinia,https://www.mandsconsulting.com/wp-content/uploads/certinia.png,png,2025-08-20 20:03:52,23364701
pexels-krizz59-12838,https://www.mandsconsulting.com/wp-content/uploads/pexels-krizz59-12838.jpg,jpg,2025-08-28 15:51:20,23364706
assets_task_01k3s62sb0e4w9f58vcrhczspr_1756413215_img_0,https://www.mandsconsulting.com/wp-content/uploads/assets_task_01k3s62sb0e4w9f58vcrhczspr_1756413215_img_0.webp,webp,2025-08-28 16:34:17,23364710
charter-spectrum,https://www.mandsconsulting.com/wp-content/uploads/charter-spectrum.jpg,jpg,2025-09-04 18:42:03,23364723
Daidre Fanis_Web,https://www.mandsconsulting.com/wp-content/uploads/Daidre-Fanis_Web.mp4,mp4,2025-09-10 19:41:55,23364734
012 ShownotesHeader,https://www.mandsconsulting.com/wp-content/uploads/012-ShownotesHeader.png,png,2025-09-15 10:55:49,23364737
013 Shownotes header,https://www.mandsconsulting.com/wp-content/uploads/013-Shownotes-header.png,png,2025-09-15 10:56:05,23364738
014 Shownotes Header,https://www.mandsconsulting.com/wp-content/uploads/014-Shownotes-Header.png,png,2025-09-15 10:56:21,23364739
015 ShownotesHeader,https://www.mandsconsulting.com/wp-content/uploads/015-ShownotesHeader.png,png,2025-09-15 10:56:37,23364740
016 ShownotesHeader,https://www.mandsconsulting.com/wp-content/uploads/016-ShownotesHeader.png,png,2025-09-15 10:56:53,23364741
017 ShownotesHeader,https://www.mandsconsulting.com/wp-content/uploads/017-ShownotesHeader.png,png,2025-09-15 10:57:12,23364742
018 ShownotesHeader,https://www.mandsconsulting.com/wp-content/uploads/018-ShownotesHeader.png,png,2025-09-15 10:57:33,23364743
019 ShownotesHeader,https://www.mandsconsulting.com/wp-content/uploads/019-ShownotesHeader.png,png,2025-09-15 10:57:57,23364744
020 ShownotesHeader,https://www.mandsconsulting.com/wp-content/uploads/020-ShownotesHeader.png,png,2025-09-15 10:58:20,23364745
021 ShownotesHeader,https://www.mandsconsulting.com/wp-content/uploads/021-ShownotesHeader.png,png,2025-09-15 10:58:42,23364746
022 ShownotesHeader,https://www.mandsconsulting.com/wp-content/uploads/022-ShownotesHeader.png,png,2025-09-15 10:59:11,23364747
023 ShownotesHeader,https://www.mandsconsulting.com/wp-content/uploads/023-ShownotesHeader.png,png,2025-09-15 10:59:35,23364748
zyanya-citlalli-3p74GvdQUmQ-unsplash,https://www.mandsconsulting.com/wp-content/uploads/zyanya-citlalli-3p74GvdQUmQ-unsplash.jpg,jpg,2025-09-15 15:48:22,23364763
Tina Mascaro_Web,https://www.mandsconsulting.com/wp-content/uploads/Tina-Mascaro_Web.mp4,mp4,2025-09-15 17:41:13,23364765
tina-tinified,https://www.mandsconsulting.com/wp-content/uploads/tina-tinified.png,png,2025-09-15 17:50:21,23364767
diedre-tinified,https://www.mandsconsulting.com/wp-content/uploads/diedre-tinified.png,png,2025-09-15 17:58:20,23364768
Jay Mason_Web,https://www.mandsconsulting.com/wp-content/uploads/Jay-Mason_Web.mp4,mp4,2025-09-15 18:01:11,23364770
jay-tinified,https://www.mandsconsulting.com/wp-content/uploads/jay-tinified.png,png,2025-09-15 18:01:26,23364771
Salesforce-Agentforce-Featured-Image,https://www.mandsconsulting.com/wp-content/uploads/Salesforce-Agentforce-Featured-Image.webp,webp,2025-09-19 11:54:16,23364777
Salesforce-Agentforce,https://www.mandsconsulting.com/wp-content/uploads/Salesforce-Agentforce.jpg,jpg,2025-09-19 11:55:31,23364778
planet-volumes--8YV9mG4Quw-unsplash,https://www.mandsconsulting.com/wp-content/uploads/planet-volumes-8YV9mG4Quw-unsplash-e1761246115661.jpg,jpg,2025-10-23 13:36:01,23364784
getty-images-YeWP18RMg20-unsplash,https://www.mandsconsulting.com/wp-content/uploads/getty-images-YeWP18RMg20-unsplash.jpg,jpg,2025-10-29 10:43:05,23364786
getty-images-SuiCQqyn3b0-unsplash,https://www.mandsconsulting.com/wp-content/uploads/getty-images-SuiCQqyn3b0-unsplash.jpg,jpg,2025-11-10 17:37:33,23364797
Modernizing the FBI’s CJIS Systems with Secure Cloud Innovation,https://www.mandsconsulting.com/wp-content/uploads/Modernizing-the-FBIs-CJIS-Systems-with-Secure-Cloud-Innovation.pdf,pdf,2025-11-11 10:32:50,23364798
allison-saeng-uKVcNsBbuys-unsplash,https://www.mandsconsulting.com/wp-content/uploads/allison-saeng-uKVcNsBbuys-unsplash.jpg,jpg,2025-11-11 12:13:44,23364802
1-132267f7-8c57-4bcd-a7cd-df004d95a428-512x512,https://www.mandsconsulting.com/wp-content/uploads/1-132267f7-8c57-4bcd-a7cd-df004d95a428-512x512.jpg,jpg,2025-11-21 14:16:14,23364807
getty-images-we18Q2oCx_o-unsplash,https://www.mandsconsulting.com/wp-content/uploads/getty-images-we18Q2oCx_o-unsplash-e1765305533892.jpg,jpg,2025-12-09 14:38:08,23364810
Ashok Aggarwal_Web,https://www.mandsconsulting.com/wp-content/uploads/Ashok-Aggarwal_Web.mp4,mp4,2025-12-09 19:04:45,23364813
ashok,https://www.mandsconsulting.com/wp-content/uploads/ashok.webp,webp,2025-12-09 22:20:58,23364814
Sanu Chadha_Web,https://www.mandsconsulting.com/wp-content/uploads/Sanu-Chadha_Web.mp4,mp4,2025-12-10 17:49:50,23364817
sanu,https://www.mandsconsulting.com/wp-content/uploads/sanu.webp,webp,2025-12-10 17:49:58,23364818
how-were-different,https://www.mandsconsulting.com/wp-content/uploads/how-were-different.webp,webp,2025-12-15 18:54:26,23364819
what-we-do-hero,https://www.mandsconsulting.com/wp-content/uploads/what-we-do-hero.webp,webp,2025-12-24 17:00:39,23364821
M&S Brand Photoshoot-9,https://www.mandsconsulting.com/wp-content/uploads/MS-Brand-Photoshoot-9.jpg,jpg,2025-12-24 17:06:45,23364822
about-us-hero,https://www.mandsconsulting.com/wp-content/uploads/about-us-hero.webp,webp,2025-12-24 17:07:00,23364823
careers-hero,https://www.mandsconsulting.com/wp-content/uploads/careers-hero.webp,webp,2025-12-24 17:14:27,23364825
contact-us-hero,https://www.mandsconsulting.com/wp-content/uploads/contact-us-hero.webp,webp,2025-12-24 17:17:01,23364826
ales-nesetril-Im7lZjxeLhg-unsplash,https://www.mandsconsulting.com/wp-content/uploads/ales-nesetril-Im7lZjxeLhg-unsplash.jpg,jpg,2026-01-13 17:51:14,23364831
feyza-yildirim-Ezm4b0SG47o-unsplash,https://www.mandsconsulting.com/wp-content/uploads/feyza-yildirim-Ezm4b0SG47o-unsplash.jpg,jpg,2026-01-13 17:56:24,23364833
west-26-logo-1,https://www.mandsconsulting.com/wp-content/uploads/west-26-logo-1.png,png,2026-01-30 14:38:16,23364836
Public Sector M&S Consulting Capabilities 2026,https://www.mandsconsulting.com/wp-content/uploads/Public-Sector-MS-Consulting-Capabilities-2026.pdf,pdf,2026-02-09 13:40:40,23364854
marquee-trusted-ai-foreground,https://www.mandsconsulting.com/wp-content/uploads/marquee-trusted-ai-foreground.webp,webp,2026-02-26 16:54:18,23364861
andrej-lisakov-oDoFdidBVns-unsplash,https://www.mandsconsulting.com/wp-content/uploads/andrej-lisakov-oDoFdidBVns-unsplash.jpg,jpg,2026-03-30 12:02:49,23364883
mampsconsulting.wordpress.2015-10-03-2.xml_.txt,https://www.mandsconsulting.com/wp-content/uploads/mampsconsulting.wordpress.2015-10-03-2.xml_.txt,txt,2015-10-03 16:32:19,7348
mampsconsulting-managementandsolutions.wordpress.2015-10-05.xml_.txt,https://www.mandsconsulting.com/wp-content/uploads/mampsconsulting-managementandsolutions.wordpress.2015-10-05.xml_.txt,txt,2015-10-04 21:49:23,7445
getty-images-JgauQl2lXEs-unsplash,https://www.mandsconsulting.com/wp-content/uploads/getty-images-JgauQl2lXEs-unsplash.jpg,jpg,2026-03-30 12:06:24,23364885
M&S Brand Photoshoot-20 (1),https://www.mandsconsulting.com/wp-content/uploads/MS-Brand-Photoshoot-20-1.png,png,2026-04-29 13:46:49,23364908
